Taxon,UTM10x10,UTM1x1,Ref,References
Puccinellia festuciformis,30TUM55,NA,"Rodríguez García, A., Alfaro-Saiz, E., Alonso, R., García González, M.E. (2014). Aportaciones a la flora de las zonas húmedas de la provincia de Palencia. Flora Montiberica, 56: 29-46.",NA
Puccinellia festuciformis,30TUM88,NA,"Rodríguez García, A., Alfaro-Saiz, E., Alonso, R., García González, M.E. (2014). Aportaciones a la flora de las zonas húmedas de la provincia de Palencia. Flora Montiberica, 56: 29-46.",NA
Puccinellia festuciformis,30TUM66,NA,"Rodríguez García, A., Alfaro-Saiz, E., Alonso, R., García González, M.E. (2014). Aportaciones a la flora de las zonas húmedas de la provincia de Palencia. Flora Montiberica, 56: 29-46.",NA
Pulicaria paludosa,30TUM77,NA,"Rodríguez García, A., Alfaro-Saiz, E., Alonso, R., García González, M.E. (2014). Aportaciones a la flora de las zonas húmedas de la provincia de Palencia. Flora Montiberica, 56: 29-46.",NA
Pulicaria paludosa,30TUN59,NA,"Rodríguez García, A., Alfaro-Saiz, E., Alonso, R., García González, M.E. (2014). Aportaciones a la flora de las zonas húmedas de la provincia de Palencia. Flora Montiberica, 56: 29-46.",NA
Pulicaria paludosa,30TUM45,NA,"Rodríguez García, A., Alfaro-Saiz, E., Alonso, R., García González, M.E. (2014). Aportaciones a la flora de las zonas húmedas de la provincia de Palencia. Flora Montiberica, 56: 29-46.",NA
Pulicaria paludosa,30TUM49,NA,"Rodríguez García, A., Alfaro-Saiz, E., Alonso, R., García González, M.E. (2014). Aportaciones a la flora de las zonas húmedas de la provincia de Palencia. Flora Montiberica, 56: 29-46.",NA
Quercus subpyrenaica,30TWM78,30TWM7085,NA,https://doi.org/10.15470/j3rugb
Quercus subpyrenaica,30TWM78,30TWM7085,NA,https://doi.org/10.15470/j3rugb
Aira caryophyllea,30TTN84,NA,NA,https://doi.org/10.15470/j3rugb
Bromus racemosus,30TTN83,NA,NA,https://doi.org/10.15470/j3rugb
Cistus psilosepalus,NA,NA,NA,https://doi.org/10.15470/j3rugb
Lavandula pedunculata,NA,NA,NA,https://doi.org/10.15470/j3rugb
Quercus subpyrenaica,30TWM34,30TWM3742,NA,https://doi.org/10.15470/j3rugb
Cytisus scoparius,30SUF76,30SUF7269,NA,https://doi.org/10.15470/j3rugb
Carex rupestris,NA,NA,NA,https://doi.org/10.15470/j3rugb
Carex rupestris,NA,NA,NA,https://doi.org/10.15470/j3rugb
Carex leporina,NA,NA,NA,https://doi.org/10.15470/j3rugb
Carex divisa,NA,NA,NA,https://doi.org/10.15470/j3rugb
Carex echinata,NA,NA,NA,https://doi.org/10.15470/j3rugb
Carex sylvatica sylvatica,NA,NA,NA,https://doi.org/10.15470/j3rugb
Carex elata reuteriana,NA,NA,NA,https://doi.org/10.15470/j3rugb
Carex laevigata,NA,NA,NA,https://doi.org/10.15470/j3rugb
Carex distachya,NA,NA,NA,https://doi.org/10.15470/j3rugb
Carex leporina,NA,NA,NA,https://doi.org/10.15470/j3rugb
Carex divisa,NA,NA,NA,https://doi.org/10.15470/j3rugb
Carex nigra,NA,NA,NA,https://doi.org/10.15470/j3rugb
Carex echinata,NA,NA,NA,https://doi.org/10.15470/j3rugb
Carex distachya,NA,NA,NA,https://doi.org/10.15470/j3rugb
Carex laevigata,NA,NA,NA,https://doi.org/10.15470/j3rugb
Carex remota,NA,NA,NA,https://doi.org/10.15470/j3rugb
Carex elata reuteriana,NA,NA,NA,https://doi.org/10.15470/j3rugb
Carex depauperata,NA,NA,NA,https://doi.org/10.15470/j3rugb
Carex paniculata lusitanica,NA,NA,NA,https://doi.org/10.15470/j3rugb
Carex distachya,NA,NA,NA,https://doi.org/10.15470/j3rugb
Carex flacca,NA,NA,NA,https://doi.org/10.15470/j3rugb
Carex pairae,NA,NA,NA,https://doi.org/10.15470/j3rugb
Carex paniculata lusitanica,NA,NA,NA,https://doi.org/10.15470/j3rugb
Carex divisa,NA,NA,NA,https://doi.org/10.15470/j3rugb
Carex hirta,NA,NA,NA,https://doi.org/10.15470/j3rugb
Carex ferruginea ferruginea,NA,NA,NA,https://doi.org/10.15470/j3rugb
Carex demissa,NA,NA,NA,https://doi.org/10.15470/j3rugb
Carex demissa,NA,NA,NA,https://doi.org/10.15470/j3rugb
Carex lepidocarpa,NA,NA,NA,https://doi.org/10.15470/j3rugb
Carex panicea,NA,NA,NA,https://doi.org/10.15470/j3rugb
Carex halleriana,NA,NA,NA,https://doi.org/10.15470/j3rugb
Carex pulicaris,NA,NA,NA,https://doi.org/10.15470/j3rugb
Carex vesicaria,NA,NA,NA,https://doi.org/10.15470/j3rugb
Carex pilulifera,NA,NA,NA,https://doi.org/10.15470/j3rugb
Carex leporina,NA,NA,NA,https://doi.org/10.15470/j3rugb
Carex echinata,NA,NA,NA,https://doi.org/10.15470/j3rugb
Carex remota,NA,NA,NA,https://doi.org/10.15470/j3rugb
Carex demissa,NA,NA,NA,https://doi.org/10.15470/j3rugb
Carex punctata,NA,NA,NA,https://doi.org/10.15470/j3rugb
Carex extensa,NA,NA,NA,https://doi.org/10.15470/j3rugb
Carex extensa,NA,NA,NA,https://doi.org/10.15470/j3rugb
Carex flava,NA,NA,NA,https://doi.org/10.15470/j3rugb
Carex elata reuteriana,NA,NA,NA,https://doi.org/10.15470/j3rugb
Carex panicea,NA,NA,NA,https://doi.org/10.15470/j3rugb
Carex ornithopoda,NA,NA,NA,https://doi.org/10.15470/j3rugb
Carex rostrata,NA,NA,NA,https://doi.org/10.15470/j3rugb
Carex lepidocarpa,NA,NA,NA,https://doi.org/10.15470/j3rugb
Carex nigra,NA,NA,NA,https://doi.org/10.15470/j3rugb
Carex disticha,NA,NA,NA,https://doi.org/10.15470/j3rugb
Carex pulicaris,NA,NA,NA,https://doi.org/10.15470/j3rugb
Carex rostrata,NA,NA,NA,https://doi.org/10.15470/j3rugb
Carex nigra,NA,NA,NA,https://doi.org/10.15470/j3rugb
Carex nigra,NA,NA,NA,https://doi.org/10.15470/j3rugb
Carex sempervirens,NA,NA,NA,https://doi.org/10.15470/j3rugb
Carex diandra,NA,NA,NA,https://doi.org/10.15470/j3rugb
Carex flacca,NA,NA,NA,https://doi.org/10.15470/j3rugb
Carex flacca,NA,NA,NA,https://doi.org/10.15470/j3rugb
Carex rupestris,NA,NA,NA,https://doi.org/10.15470/j3rugb
Carex pseudocyperus,NA,NA,NA,https://doi.org/10.15470/j3rugb
Carex leporina,NA,NA,NA,https://doi.org/10.15470/j3rugb
Carex pilulifera,NA,NA,NA,https://doi.org/10.15470/j3rugb
Carex pairae,NA,NA,NA,https://doi.org/10.15470/j3rugb
Carex pairae,NA,NA,NA,https://doi.org/10.15470/j3rugb
Carex halleriana,NA,NA,NA,https://doi.org/10.15470/j3rugb
Carex laevigata,NA,NA,NA,https://doi.org/10.15470/j3rugb
Carex hirta,NA,NA,NA,https://doi.org/10.15470/j3rugb
Carex leporina,NA,NA,NA,https://doi.org/10.15470/j3rugb
Carex pairae,NA,NA,NA,https://doi.org/10.15470/j3rugb
Carex nigra,NA,NA,NA,https://doi.org/10.15470/j3rugb
Carex cuprina,NA,NA,NA,https://doi.org/10.15470/j3rugb
Scabiosa atropurpurea,NA,NA,NA,https://doi.org/10.15470/j3rugb
Carex parviflora,NA,NA,NA,https://doi.org/10.15470/j3rugb
Carex panicea,NA,NA,NA,https://doi.org/10.15470/j3rugb
Carex flava,NA,NA,NA,https://doi.org/10.15470/j3rugb
Carex foetida,NA,NA,NA,https://doi.org/10.15470/j3rugb
Carex leporina,NA,NA,NA,https://doi.org/10.15470/j3rugb
Carex riparia,NA,NA,NA,https://doi.org/10.15470/j3rugb
Carex dioica,NA,NA,NA,https://doi.org/10.15470/j3rugb
Carex hispida,NA,NA,NA,https://doi.org/10.15470/j3rugb
Carex sempervirens,NA,NA,NA,https://doi.org/10.15470/j3rugb
Carex pilulifera,NA,NA,NA,https://doi.org/10.15470/j3rugb
Carex macrostyla,NA,NA,NA,https://doi.org/10.15470/j3rugb
Carex lepidocarpa,30T6947,30T694874,NA,https://doi.org/10.15470/j3rugb
Carex lepidocarpa,NA,NA,NA,https://doi.org/10.15470/j3rugb
Carex frigida,NA,NA,NA,https://doi.org/10.15470/j3rugb
Carex frigida,30T6947,30T694774,NA,https://doi.org/10.15470/j3rugb
Carex elata elata,NA,NA,NA,https://doi.org/10.15470/j3rugb
Carex davalliana,30T6947,30T694974,NA,https://doi.org/10.15470/j3rugb
Carex demissa,NA,NA,NA,https://doi.org/10.15470/j3rugb
Carex disticha,NA,NA,NA,https://doi.org/10.15470/j3rugb
Carex pilulifera,NA,NA,NA,https://doi.org/10.15470/j3rugb
Carex lepidocarpa,NA,NA,NA,https://doi.org/10.15470/j3rugb
Carex rostrata,29T7385,29T738254,NA,https://doi.org/10.15470/j3rugb
Carex echinata,29T7385,29T738254,NA,https://doi.org/10.15470/j3rugb
Carex pilulifera,NA,NA,NA,https://doi.org/10.15470/j3rugb
Carex panicea,29T7385,29T738254,NA,https://doi.org/10.15470/j3rugb
Carex flacca,NA,NA,NA,https://doi.org/10.15470/j3rugb
Carex lepidocarpa,NA,NA,NA,https://doi.org/10.15470/j3rugb
Carex pulicaris,NA,NA,NA,https://doi.org/10.15470/j3rugb
Carex flacca,NA,NA,NA,https://doi.org/10.15470/j3rugb
Carex panicea,NA,NA,NA,https://doi.org/10.15470/j3rugb
Carex laevigata,NA,NA,NA,https://doi.org/10.15470/j3rugb
Carex elata reuteriana,NA,NA,NA,https://doi.org/10.15470/j3rugb
Carex distachya,NA,NA,NA,https://doi.org/10.15470/j3rugb
Carex cuprina,NA,NA,NA,https://doi.org/10.15470/j3rugb
Carex flacca,NA,NA,NA,https://doi.org/10.15470/j3rugb
Carex divisa,NA,NA,NA,https://doi.org/10.15470/j3rugb
Carex pilulifera,NA,NA,NA,https://doi.org/10.15470/j3rugb
Carex pairae,NA,NA,NA,https://doi.org/10.15470/j3rugb
Carex divulsa,NA,NA,NA,https://doi.org/10.15470/j3rugb
Carex pairae,NA,NA,NA,https://doi.org/10.15470/j3rugb
Carex cuprina,NA,NA,NA,https://doi.org/10.15470/j3rugb
Carex muricata muricata,NA,NA,NA,https://doi.org/10.15470/j3rugb
Carex depauperata,NA,NA,NA,https://doi.org/10.15470/j3rugb
Carex depauperata,NA,NA,NA,https://doi.org/10.15470/j3rugb
Carex depauperata,NA,NA,NA,https://doi.org/10.15470/j3rugb
Carex panicea,NA,NA,NA,https://doi.org/10.15470/j3rugb
Carex pallescens,NA,NA,NA,https://doi.org/10.15470/j3rugb
Carex pallescens,NA,NA,NA,https://doi.org/10.15470/j3rugb
Carex pilulifera,NA,NA,NA,https://doi.org/10.15470/j3rugb
Carex muricata muricata,NA,NA,NA,https://doi.org/10.15470/j3rugb
Carex muricata muricata,NA,NA,NA,https://doi.org/10.15470/j3rugb
Carex demissa,NA,NA,NA,https://doi.org/10.15470/j3rugb
Carex rostrata,NA,NA,NA,https://doi.org/10.15470/j3rugb
Carex depauperata,NA,NA,NA,https://doi.org/10.15470/j3rugb
Carex leersii,NA,NA,NA,https://doi.org/10.15470/j3rugb
Carex depressa depressa,NA,NA,NA,https://doi.org/10.15470/j3rugb
Carex tomentosa,NA,NA,NA,https://doi.org/10.15470/j3rugb
Carex depauperata,NA,NA,NA,https://doi.org/10.15470/j3rugb
Carex trinervis,NA,NA,NA,https://doi.org/10.15470/j3rugb
Carex trinervis,NA,NA,NA,https://doi.org/10.15470/j3rugb
Carex trinervis,NA,NA,NA,https://doi.org/10.15470/j3rugb
Carex trinervis,NA,NA,NA,https://doi.org/10.15470/j3rugb
Carex trinervis,NA,NA,NA,https://doi.org/10.15470/j3rugb
Carex trinervis,NA,NA,NA,https://doi.org/10.15470/j3rugb
Carex montana,NA,NA,NA,https://doi.org/10.15470/j3rugb
Carex pilulifera,NA,NA,NA,https://doi.org/10.15470/j3rugb
Carex sylvatica sylvatica,NA,NA,NA,https://doi.org/10.15470/j3rugb
Carex echinata,NA,NA,NA,https://doi.org/10.15470/j3rugb
Carex pulicaris,NA,NA,NA,https://doi.org/10.15470/j3rugb
Carex demissa,NA,NA,NA,https://doi.org/10.15470/j3rugb
Carex leporina,NA,NA,NA,https://doi.org/10.15470/j3rugb
Carex echinata,NA,NA,NA,https://doi.org/10.15470/j3rugb
Carex davalliana,NA,NA,NA,https://doi.org/10.15470/j3rugb
Carex pilulifera,NA,NA,NA,https://doi.org/10.15470/j3rugb
Carex rostrata,NA,NA,NA,https://doi.org/10.15470/j3rugb
Carex lepidocarpa,NA,NA,NA,https://doi.org/10.15470/j3rugb
Carex disticha,NA,NA,NA,https://doi.org/10.15470/j3rugb
Carex depauperata,NA,NA,NA,https://doi.org/10.15470/j3rugb
Carex depauperata,NA,NA,NA,https://doi.org/10.15470/j3rugb
Carex sylvatica sylvatica,NA,NA,NA,https://doi.org/10.15470/j3rugb
Carex ornithopoda,NA,NA,NA,https://doi.org/10.15470/j3rugb
Carex ornithopoda,NA,NA,NA,https://doi.org/10.15470/j3rugb
Carex ornithopoda,NA,NA,NA,https://doi.org/10.15470/j3rugb
Carex macrostyla,NA,NA,NA,https://doi.org/10.15470/j3rugb
Carex sempervirens,NA,NA,NA,https://doi.org/10.15470/j3rugb
Carex sempervirens,NA,NA,NA,https://doi.org/10.15470/j3rugb
Carex sylvatica sylvatica,NA,NA,NA,https://doi.org/10.15470/j3rugb
Carex lepidocarpa,NA,NA,NA,https://doi.org/10.15470/j3rugb
Carex sylvatica sylvatica,NA,NA,NA,https://doi.org/10.15470/j3rugb
Carex halleriana,NA,NA,NA,https://doi.org/10.15470/j3rugb
Carex frigida,NA,NA,NA,https://doi.org/10.15470/j3rugb
Carex sempervirens pseudotristis,NA,NA,NA,https://doi.org/10.15470/j3rugb
Carex foetida,NA,NA,NA,https://doi.org/10.15470/j3rugb
Carex pendula,NA,NA,NA,https://doi.org/10.15470/j3rugb
Carex remota,NA,NA,NA,https://doi.org/10.15470/j3rugb
Carex pallescens,NA,NA,NA,https://doi.org/10.15470/j3rugb
Carex sempervirens,NA,NA,NA,https://doi.org/10.15470/j3rugb
Carex pallescens,NA,NA,NA,https://doi.org/10.15470/j3rugb
Carex foetida,NA,NA,NA,https://doi.org/10.15470/j3rugb
Carex curvula,NA,NA,NA,https://doi.org/10.15470/j3rugb
Carex curvula,NA,NA,NA,https://doi.org/10.15470/j3rugb
Carex ferruginea ferruginea,NA,NA,NA,https://doi.org/10.15470/j3rugb
Carex curvula,NA,NA,NA,https://doi.org/10.15470/j3rugb
Carex myosuroides,NA,NA,NA,https://doi.org/10.15470/j3rugb
Odontites vernus,NA,NA,NA,https://doi.org/10.15470/j3rugb
Carex divulsa,NA,NA,NA,https://doi.org/10.15470/j3rugb
Carex depressa depressa,NA,NA,NA,https://doi.org/10.15470/j3rugb
Carex echinata,NA,NA,NA,https://doi.org/10.15470/j3rugb
Carex durieui,NA,NA,NA,https://doi.org/10.15470/j3rugb
Carex durieui,NA,NA,NA,https://doi.org/10.15470/j3rugb
Carex demissa,NA,NA,NA,https://doi.org/10.15470/j3rugb
Carex demissa,NA,NA,NA,https://doi.org/10.15470/j3rugb
Carex panicea,NA,NA,NA,https://doi.org/10.15470/j3rugb
Carex nigra,NA,NA,NA,https://doi.org/10.15470/j3rugb
Carex nigra,NA,NA,NA,https://doi.org/10.15470/j3rugb
Carex echinata,NA,NA,NA,https://doi.org/10.15470/j3rugb
Carex nigra,NA,NA,NA,https://doi.org/10.15470/j3rugb
Carex nigra,NA,NA,NA,https://doi.org/10.15470/j3rugb
Carex nigra,NA,NA,NA,https://doi.org/10.15470/j3rugb
Carex nigra,NA,NA,NA,https://doi.org/10.15470/j3rugb
Carex remota,NA,NA,NA,https://doi.org/10.15470/j3rugb
Carex muricata muricata,NA,NA,NA,https://doi.org/10.15470/j3rugb
Carex distans,NA,NA,NA,https://doi.org/10.15470/j3rugb
Carex pairae,NA,NA,NA,https://doi.org/10.15470/j3rugb
Carex sempervirens pseudotristis,NA,NA,NA,https://doi.org/10.15470/j3rugb
Blysmus compressus,NA,NA,NA,https://doi.org/10.15470/j3rugb
Carex sempervirens pseudotristis,NA,NA,NA,https://doi.org/10.15470/j3rugb
Carex frigida,NA,NA,NA,https://doi.org/10.15470/j3rugb
Carex hirta,NA,NA,NA,https://doi.org/10.15470/j3rugb
Carex hirta,NA,NA,NA,https://doi.org/10.15470/j3rugb
Carex hirta,NA,NA,NA,https://doi.org/10.15470/j3rugb
Carex pyrenaica,NA,NA,NA,https://doi.org/10.15470/j3rugb
Carex depressa basilaris,NA,NA,NA,https://doi.org/10.15470/j3rugb
Carex sempervirens pseudotristis,NA,NA,NA,https://doi.org/10.15470/j3rugb
Carex pilulifera,NA,NA,NA,https://doi.org/10.15470/j3rugb
Carex macrostyla,NA,NA,NA,https://doi.org/10.15470/j3rugb
Carex sempervirens pseudotristis,NA,NA,NA,https://doi.org/10.15470/j3rugb
Carex macrostyla,NA,NA,NA,https://doi.org/10.15470/j3rugb
Carex sempervirens pseudotristis,NA,NA,NA,https://doi.org/10.15470/j3rugb
Carex frigida,NA,NA,NA,https://doi.org/10.15470/j3rugb
Carex sempervirens pseudotristis,NA,NA,NA,https://doi.org/10.15470/j3rugb
Carex frigida,NA,NA,NA,https://doi.org/10.15470/j3rugb
Carex demissa,NA,NA,NA,https://doi.org/10.15470/j3rugb
Carex demissa,NA,NA,NA,https://doi.org/10.15470/j3rugb
Carex divisa,NA,NA,NA,https://doi.org/10.15470/j3rugb
Carex punctata,NA,NA,NA,https://doi.org/10.15470/j3rugb
Carex punctata,NA,NA,NA,https://doi.org/10.15470/j3rugb
Carex pilulifera,NA,NA,NA,https://doi.org/10.15470/j3rugb
Carex demissa,NA,NA,NA,https://doi.org/10.15470/j3rugb
Carex distans,NA,NA,NA,https://doi.org/10.15470/j3rugb
Carex vesicaria,NA,NA,NA,https://doi.org/10.15470/j3rugb
Carex rostrata,NA,NA,NA,https://doi.org/10.15470/j3rugb
Carex nigra,NA,NA,NA,https://doi.org/10.15470/j3rugb
Carex sempervirens,30TUN58,30TUN5683,NA,https://doi.org/10.15470/j3rugb
Carex hirta,NA,NA,NA,https://doi.org/10.15470/j3rugb
Eleocharis palustris,30TWN15,30TWN1157,NA,https://doi.org/10.15470/j3rugb
Lactuca perennis,30TYM28,30TYM2988,NA,https://doi.org/10.15470/j3rugb
Calocedrus decurrens,30TWN24,NA,NA,https://doi.org/10.15470/j3rugb
Juncus acutus,30TVN93,30TVN9931,NA,https://doi.org/10.15470/j3rugb
Leucanthemum ircutianum cantabricum,30TWN33,30TWN3439,NA,https://doi.org/10.15470/j3rugb
Laburnum anagyroides,30TWN23,30TWN2138,NA,https://doi.org/10.15470/j3rugb
Campanula hispanica,30TWN31,30TWN3316,NA,https://doi.org/10.15470/j3rugb
Campanula tracheliifolia,30TWN31,30TWN3316,NA,https://doi.org/10.15470/j3rugb
Nepeta nepetella,30TWM55,30TWM5451,NA,https://doi.org/10.15470/j3rugb
Sanguisorba minor,NA,NA,NA,https://doi.org/10.15470/j3rugb
Ononis spinosa,NA,NA,NA,https://doi.org/10.15470/j3rugb
Cruciata glabra,NA,NA,NA,https://doi.org/10.15470/j3rugb
Tulipa sylvestris,NA,NA,NA,https://doi.org/10.15470/j3rugb
Viola reichenbachiana,NA,NA,NA,https://doi.org/10.15470/j3rugb
Stellaria holostea,NA,NA,NA,https://doi.org/10.15470/j3rugb
Polygala microphylla,NA,NA,NA,https://doi.org/10.15470/j3rugb
Ranunculus gramineus,NA,NA,NA,https://doi.org/10.15470/j3rugb
Ranunculus ficaria,NA,NA,NA,https://doi.org/10.15470/j3rugb
Betula celtiberica,NA,NA,NA,https://doi.org/10.15470/j3rugb
Phalacrocarpum oppositifolium,NA,NA,NA,https://doi.org/10.15470/j3rugb
Juniperus thurifera,NA,NA,NA,https://doi.org/10.15470/j3rugb
Primula veris,30T4753,30T475134,NA,https://doi.org/10.15470/j3rugb
Carex pairae,NA,NA,NA,https://doi.org/10.15470/j3rugb
Eriophorum latifolium,NA,NA,NA,https://doi.org/10.15470/j3rugb
Eriophorum latifolium,NA,NA,NA,https://doi.org/10.15470/j3rugb
Carex davalliana,NA,NA,NA,https://doi.org/10.15470/j3rugb
Carex davalliana,NA,NA,NA,https://doi.org/10.15470/j3rugb
Carex panicea,NA,NA,NA,https://doi.org/10.15470/j3rugb
Carex diandra,NA,NA,NA,https://doi.org/10.15470/j3rugb
Blysmus compressus,NA,NA,NA,https://doi.org/10.15470/j3rugb
Carex rupestris,NA,NA,NA,https://doi.org/10.15470/j3rugb
Carex caudata,NA,NA,NA,https://doi.org/10.15470/j3rugb
Carex paniculata lusitanica,NA,NA,NA,https://doi.org/10.15470/j3rugb
Carex remota,NA,NA,NA,https://doi.org/10.15470/j3rugb
Carex divulsa,NA,NA,NA,https://doi.org/10.15470/j3rugb
Carex nigra,NA,NA,NA,https://doi.org/10.15470/j3rugb
Carex echinata,NA,NA,NA,https://doi.org/10.15470/j3rugb
Carex paniculata lusitanica,NA,NA,NA,https://doi.org/10.15470/j3rugb
Carex echinata,NA,NA,NA,https://doi.org/10.15470/j3rugb
Carex punctata,NA,NA,NA,https://doi.org/10.15470/j3rugb
Carex divisa,NA,NA,NA,https://doi.org/10.15470/j3rugb
Carex demissa,NA,NA,NA,https://doi.org/10.15470/j3rugb
Carex pilulifera,NA,NA,NA,https://doi.org/10.15470/j3rugb
Hieracium sociale,29TPH71,29TPH7213,NA,https://doi.org/10.15470/j3rugb
Pilosella auriculiformis,30TWN19,30TWN1493,NA,https://doi.org/10.15470/j3rugb
Pilosella hypeurocinerea microvasconica,30TWP00,30TWP0303,NA,https://doi.org/10.15470/j3rugb
Hieracium mateoi,31TCG57,31TCG5574,NA,https://doi.org/10.15470/j3rugb
Beta _,30TUN44,30TUN4646,NA,https://doi.org/10.15470/j3rugb
Elytrigia obtusiflora obtusiflora,30TTN91,30TTN9111,NA,https://doi.org/10.15470/j3rugb
Hieracium boixolense,31TCG57,31TCG5574,NA,https://doi.org/10.15470/j3rugb
Hieracium eriosaliencianum,29TQH36,29TQH3364,NA,https://doi.org/10.15470/j3rugb
Dactylorhiza cantabrica,30TUN64,30TUN6641,NA,https://doi.org/10.15470/j3rugb
Dactylorhiza cantabrica,30TUN54,30TUN5041,NA,https://doi.org/10.15470/j3rugb
Dactylorhiza cantabrica,30TUN85,30TUN8553,NA,https://doi.org/10.15470/j3rugb
Dactylorhiza cantabrica,30TUN74,30TUN7546,NA,https://doi.org/10.15470/j3rugb
Dactylorhiza cantabrica,30TUN95,30TUN9150,NA,https://doi.org/10.15470/j3rugb
Gentianopsis ciliata,30TUN76,30TUN7064,NA,https://doi.org/10.15470/j3rugb
Scutellaria alpina,30TUN85,30TUN8658,NA,https://doi.org/10.15470/j3rugb
Hieracium paleopyrenaicum,31TCG76,31TCG7066,NA,https://doi.org/10.15470/j3rugb
Hieracium patens,31TDG59,31TDG5793,NA,https://doi.org/10.15470/j3rugb
Hieracium patens,31TDG59,31TDG5793,NA,https://doi.org/10.15470/j3rugb
Hieracium patens,31TDG59,31TDG5792,NA,https://doi.org/10.15470/j3rugb
Hieracium patens,31TDG59,31TDG5993,NA,https://doi.org/10.15470/j3rugb
Hieracium glaucinum,31TFK11,31TFK1215,NA,https://doi.org/10.15470/j3rugb
Hieracium subsetibifidum,31TFK11,31TFK1614,NA,https://doi.org/10.15470/j3rugb
Hieracium setibifidum,31TEK60,31TEK6702,NA,https://doi.org/10.15470/j3rugb
Hieracium jaubertianum,31TEK40,31TEK4607,NA,https://doi.org/10.15470/j3rugb
Pilosella heteromelana,30TVN47,30TVN4576,NA,https://doi.org/10.15470/j3rugb
Hieracium festinum,30TVN47,30TVN4874,NA,https://doi.org/10.15470/j3rugb
Hieracium compositum,31TDG69,31TDG6197,NA,https://doi.org/10.15470/j3rugb
Hieracium racemosum,31TDG69,31TDG6798,NA,https://doi.org/10.15470/j3rugb
Hieracium lycopodoides,31TDG55,31TDG5856,NA,https://doi.org/10.15470/j3rugb
Hieracium fourcadei,30TXN95,30TXN9459,NA,https://doi.org/10.15470/j3rugb
Hieracium fourcadei,30TXN95,30TXN9459,NA,https://doi.org/10.15470/j3rugb
Hieracium glaucinum,31TEU64,31TEU6548,NA,https://doi.org/10.15470/j3rugb
Hieracium compositum,31TDG55,31TDG5856,NA,https://doi.org/10.15470/j3rugb
Hieracium delegidoi,31TCH21,31TCH2416,NA,https://doi.org/10.15470/j3rugb
Hieracium salarduense,31TCH23,31TCH2931,NA,https://doi.org/10.15470/j3rugb
Hieracium martinetianum,31TCG98,31TCG9485,NA,https://doi.org/10.15470/j3rugb
Hieracium altocourelense,29TPH51,29TPH5619,NA,https://doi.org/10.15470/j3rugb
Hieracium casamierense,30TTN66,30TTN6165,NA,https://doi.org/10.15470/j3rugb
Hieracium petri-sedanoi,30TTN66,30TTN6066,NA,https://doi.org/10.15470/j3rugb
Hieracium paleopyrenaicum,31TCG76,31TCG7066,NA,https://doi.org/10.15470/j3rugb
Lunaria annua,30TWN22,30TWN2320,NA,https://doi.org/10.15470/j3rugb
Narcissus abscissus,30TXN67,NA,NA,https://doi.org/10.15470/j3rugb
Myosotis discolor,30TWP20,30TWP2600,NA,https://doi.org/10.15470/j3rugb
Centaurea alba,30TXM01,30TXM0118,NA,https://doi.org/10.15470/j3rugb
Artemisia herba-alba,30TXL17,NA,NA,https://doi.org/10.15470/j3rugb
Centaurea cyanus,30TXM01,30TXM0718,NA,https://doi.org/10.15470/j3rugb
Centaurea triumfetti lingulata,30TXM02,30TXM0027,NA,https://doi.org/10.15470/j3rugb
Narcissus asturiensis jacetanus,30TWN55,30TWN5553,NA,https://doi.org/10.15470/j3rugb
Ambrosia artemisiifolia,30TWN02,NA,NA,https://doi.org/10.15470/j3rugb
Festuca indigesta,30TWM07,30TWM0276,NA,https://doi.org/10.15470/j3rugb
Myosotis arvensis arvensis,30TXP22,NA,NA,https://doi.org/10.15470/j3rugb
Castanea sativa,30TWN09,30TWN0491,NA,https://doi.org/10.15470/j3rugb
Linum suffruticosum appressum,30TVM74,30TVM7048,NA,https://doi.org/10.15470/j3rugb
Linaria glauca bubanii,31TBH70,31TBH7008,NA,https://doi.org/10.15470/j3rugb
Nuphar luteum,30TWN35,30TWN3153,NA,https://doi.org/10.15470/j3rugb
Neslia apiculata,30TWN40,30TWN4004,NA,https://doi.org/10.15470/j3rugb
Luzula sylvatica henriquesii,30TWN23,30TWN2238,NA,https://doi.org/10.15470/j3rugb
Luzula forsteri,30TWN31,30TWN3318,NA,https://doi.org/10.15470/j3rugb
Lithodora diffusa,30TVN99,30TVN9497,NA,https://doi.org/10.15470/j3rugb
Stipa celakovskyi,30TWL82,30TWL8420,NA,https://doi.org/10.15470/j3rugb
Juncus gerardii gerardii,30TWN40,30TWN4804,NA,https://doi.org/10.15470/j3rugb
Juncus articulatus,30TWN24,30TWN2944,NA,https://doi.org/10.15470/j3rugb
Herniaria fruticosa fruticosa,30TWM69,30TWM6994,NA,https://doi.org/10.15470/j3rugb
Casuarina equisetifolia,30TWN09,30TWN0490,NA,https://doi.org/10.15470/j3rugb
Ornithopus pinnatus,30TXP22,NA,NA,https://doi.org/10.15470/j3rugb
Hibiscus palustris,30TXP42,NA,NA,https://doi.org/10.15470/j3rugb
Leucanthemum gaudinii cantabricum,30TXP11,NA,NA,https://doi.org/10.15470/j3rugb
Juncus gerardii,30TXM48,30TXM4284,NA,https://doi.org/10.15470/j3rugb
Narcissus assoanus,30TXN93,30TXN9736,NA,https://doi.org/10.15470/j3rugb
Narcissus major,30TWN34,30TWN3644,NA,https://doi.org/10.15470/j3rugb
Hieracium viride,31TCH90,31TCH9901,NA,https://doi.org/10.15470/j3rugb
Hieracium incisoides,31TDH00,31TDH0002,NA,https://doi.org/10.15470/j3rugb
Hieracium incisoides,31TCG66,31TCG6969,NA,https://doi.org/10.15470/j3rugb
Ludwigia grandiflora,30TXP42,NA,NA,https://doi.org/10.15470/j3rugb
Luzula nutans,30TXN84,NA,NA,https://doi.org/10.15470/j3rugb
Hydrocharis morsus-ranae,30TXP32,NA,NA,https://doi.org/10.15470/j3rugb
Conyza sumatrensis,30TXP21,NA,NA,https://doi.org/10.15470/j3rugb
Holcus lanatus,30TXP61,NA,NA,https://doi.org/10.15470/j3rugb
Erodium cicutarium cicutarium,30TWN02,30TWN0526,NA,https://doi.org/10.15470/j3rugb
Myosotis lamottiana,30TVN67,30TVN6576,NA,https://doi.org/10.15470/j3rugb
Stipa iberica pauneroana,30TWM95,30TWM9059,NA,https://doi.org/10.15470/j3rugb
Lotus corniculatus,30TXP22,NA,NA,https://doi.org/10.15470/j3rugb
Lotus creticus creticus,30SWF16,NA,NA,https://doi.org/10.15470/j3rugb
Lotus tenuis,30TWN24,30TWN2143,NA,https://doi.org/10.15470/j3rugb
Lolium multiflorum,30TWN24,30TWN2743,NA,https://doi.org/10.15470/j3rugb
Lepidium virginicum,30TVP70,NA,NA,https://doi.org/10.15470/j3rugb
Ophrys picta,30TUN94,30TUN9944,NA,https://doi.org/10.15470/j3rugb
Ophrys picta,30TUN84,30TUN8243,NA,https://doi.org/10.15470/j3rugb
Ophrys picta,30TVN03,30TVN0032,NA,https://doi.org/10.15470/j3rugb
Serratula tinctoria seoanei,29TQJ23,29TQJ2230,NA,https://doi.org/10.15470/j3rugb
Daphne gnidium,30SUD08,30SUD0183,NA,https://doi.org/10.15470/j3rugb
Thymus munbyanus mastigophorus,30TWN34,30TWN3448,NA,https://doi.org/10.15470/j3rugb
Aegilops cylindrica,30SYH48,30SYH4282,NA,https://doi.org/10.15470/j3rugb
Crepis alpina,30TVK89,30TVK8599,NA,https://doi.org/10.15470/j3rugb
Euphorbia nicaeensis,30TVK99,30TVK9392,NA,https://doi.org/10.15470/j3rugb
Sporobolus indicus,30SYH25,30SYH2050,NA,https://doi.org/10.15470/j3rugb
Centaurea diffusa,30SXJ60,30SXJ6503,NA,https://doi.org/10.15470/j3rugb
Scandix pecten-veneris,30S0292,30S029727,NA,https://doi.org/10.15470/j3rugb
Chamaesyce maculata,29TQG06,29TQG0861,NA,https://doi.org/10.15470/j3rugb
Setaria pumila,30TTP62,30TTP6822,NA,https://doi.org/10.15470/j3rugb
Koeleria glauca,30TTP63,30TTP6230,NA,https://doi.org/10.15470/j3rugb
Elytrigia atherica,30TTP62,30TTP6129,NA,https://doi.org/10.15470/j3rugb
Myrrhoides nodosa,30T0517,30T051774,NA,https://doi.org/10.15470/j3rugb
Bromus inermis,30TWN24,30TWN2642,NA,https://doi.org/10.15470/j3rugb
Spergularia rubra,30S0272,30S027825,NA,https://doi.org/10.15470/j3rugb
Arrhenatherum album,30S0311,30S031219,NA,https://doi.org/10.15470/j3rugb
Papaver dubium,30S0311,30S031119,NA,https://doi.org/10.15470/j3rugb
Linum strictum strictum,31T0405,31T040659,NA,https://doi.org/10.15470/j3rugb
Tribulus terrestris,30S0510,30S051206,NA,https://doi.org/10.15470/j3rugb
Chamaesyce serpens,30S0510,30S051206,NA,https://doi.org/10.15470/j3rugb
Adonis aestivalis squarrosa,30S0500,30S050808,NA,https://doi.org/10.15470/j3rugb
Heliotropium europaeum,30S0510,30S051206,NA,https://doi.org/10.15470/j3rugb
Aegilops ventricosa,30TWK72,30TWK7227,NA,https://doi.org/10.15470/j3rugb
Myricaria germanica,30TYN35,30TYN3653,NA,https://doi.org/10.15470/j3rugb
Centaurea cyanus,30TXL24,30TXL2645,NA,https://doi.org/10.15470/j3rugb
Genista hispanica occidentalis,30T0267,30T026675,NA,https://doi.org/10.15470/j3rugb
Murbeckiella boryi,NA,NA,NA,https://doi.org/10.15470/j3rugb
Ajuga reptans,29T0527,29T052674,NA,https://doi.org/10.15470/j3rugb
Achillea filipendulina,30TVM41,30TVM4012,NA,https://doi.org/10.15470/j3rugb
Montia perfoliata,NA,NA,NA,https://doi.org/10.15470/j3rugb
Hypochaeris radicata,30TVP31,NA,NA,https://doi.org/10.15470/j3rugb
Phalacrocarpum hoffmannseggii,29TPG86,29TPG8663,NA,https://doi.org/10.15470/j3rugb
Isoetes setaceum,29TQG36,29TQG3768,NA,https://doi.org/10.15470/j3rugb
Salix atrocinerea,30TYH48,30TYH4384,NA,https://doi.org/10.15470/j3rugb
Echinospartum ibericum,29T0706,29T070867,NA,https://doi.org/10.15470/j3rugb
Crepis vesicaria taraxacifolia,30TUM85,30TUM8354,NA,https://doi.org/10.15470/j3rugb
Reseda lutea,30TVN93,30TVN9631,NA,https://doi.org/10.15470/j3rugb
Filaginella uliginosa,30TUN53,30TUN5136,NA,https://doi.org/10.15470/j3rugb
Isoetes velatum,30TUN53,30TUN5136,NA,https://doi.org/10.15470/j3rugb
Isoetes velatum,30TUN53,30TUN5136,NA,https://doi.org/10.15470/j3rugb
Sedum villosum,30TUN53,30TUN5136,NA,https://doi.org/10.15470/j3rugb
Myosotis balbisiana,NA,NA,NA,https://doi.org/10.15470/j3rugb
Cuscuta approximata,29TPG96,29TPG9065,NA,https://doi.org/10.15470/j3rugb
Polygala edmundii,NA,NA,NA,https://doi.org/10.15470/j3rugb
Poa bulbosa,NA,NA,NA,https://doi.org/10.15470/j3rugb
Carex pilulifera,NA,NA,NA,https://doi.org/10.15470/j3rugb
Sisymbrella aspera aspera,NA,NA,NA,https://doi.org/10.15470/j3rugb
X Orchidactylorhiza atacina,30TUN54,30TUN5345,NA,https://doi.org/10.15470/j3rugb
Narcissus triandrus,30TUN34,30TUN3241,NA,https://doi.org/10.15470/j3rugb
Sambucus nigra,NA,NA,NA,https://doi.org/10.15470/j3rugb
Aegilops neglecta,NA,NA,NA,https://doi.org/10.15470/j3rugb
Cistus ladanifer,NA,NA,NA,https://doi.org/10.15470/j3rugb
Ulex europaeus,NA,NA,NA,https://doi.org/10.15470/j3rugb
Scilla verna,NA,NA,NA,https://doi.org/10.15470/j3rugb
Lamium galeobdolon,NA,NA,NA,https://doi.org/10.15470/j3rugb
Veronica chamaedrys,NA,NA,NA,https://doi.org/10.15470/j3rugb
Orchis mascula,NA,NA,NA,https://doi.org/10.15470/j3rugb
Fumaria reuteri,NA,NA,NA,https://doi.org/10.15470/j3rugb
Fumaria muralis,NA,NA,NA,https://doi.org/10.15470/j3rugb
Primula vulgaris,NA,NA,NA,https://doi.org/10.15470/j3rugb
Aquilegia vulgaris,NA,NA,NA,https://doi.org/10.15470/j3rugb
Anthyllis vulneraria,NA,NA,NA,https://doi.org/10.15470/j3rugb
Alnus glutinosa,NA,NA,NA,https://doi.org/10.15470/j3rugb
Polygala microphylla,NA,NA,NA,https://doi.org/10.15470/j3rugb
Alliaria petiolata,NA,NA,NA,https://doi.org/10.15470/j3rugb
Scirpus fluitans,29TQF21,NA,NA,https://doi.org/10.15470/j3rugb
Bromus willdenowii,29TNJ40,NA,NA,https://doi.org/10.15470/j3rugb
Lolium multiflorum,29TNG78,NA,NA,https://doi.org/10.15470/j3rugb
Pseudarrhenatherum longifolium,29TNG78,NA,NA,https://doi.org/10.15470/j3rugb
Hypericum ericoides,30SYH09,NA,NA,https://doi.org/10.15470/j3rugb
Populus euphratica,30SYH03,NA,NA,https://doi.org/10.15470/j3rugb
Digitalis purpurea,29TPG09,NA,NA,https://doi.org/10.15470/j3rugb
Veronica beccabunga,31TCH32,NA,NA,https://doi.org/10.15470/j3rugb
Firmiana simplex,31TDF38,NA,NA,https://doi.org/10.15470/j3rugb
Lippia nodiflora,30SYJ51,NA,NA,https://doi.org/10.15470/j3rugb
Trollius europaeus,30TUK00,30TUK0303,NA,https://doi.org/10.15470/j3rugb
Populus simonii,29TPE97,29TPE9072,NA,https://doi.org/10.15470/j3rugb
Jasione montana echinata,30SUJ09,30SUJ0199,NA,https://doi.org/10.15470/j3rugb
Cytisus baeticus,29SQC02,29SQC0226,NA,https://doi.org/10.15470/j3rugb
Eragrostis virescens,29TPH81,NA,NA,https://doi.org/10.15470/j3rugb
Anethum graveolens,30TXK55,30TXK5752,NA,https://doi.org/10.15470/j3rugb
Isoetes setaceum,30STJ84,30STJ8442,NA,https://doi.org/10.15470/j3rugb
Corydalis claviculata,30TUN16,30TUN1567,NA,https://doi.org/10.15470/j3rugb
Centaurea paniculata cossosiana,30TTK56,30TTK5662,NA,https://doi.org/10.15470/j3rugb
Arctotheca calendula,30TTK56,30TTK5662,NA,https://doi.org/10.15470/j3rugb
Leucanthemum ircutianum pseudosylvaticum,30TTK55,30TTK5651,NA,https://doi.org/10.15470/j3rugb
Chrysanthemum segetum,30TTK56,30TTK5662,NA,https://doi.org/10.15470/j3rugb
Hieracium murorum exotericum,30TTK56,30TTK5662,NA,https://doi.org/10.15470/j3rugb
Chaerophyllum aureum,NA,NA,NA,https://doi.org/10.15470/j3rugb
Prunus lusitanica,30TVN77,30TVN7578,NA,https://doi.org/10.15470/j3rugb
Coleostephus myconis,NA,NA,NA,https://doi.org/10.15470/j3rugb
Taraxacum officinale,30TUM75,30TUM7451,NA,https://doi.org/10.15470/j3rugb
Diplotaxis virgata,30TUM75,30TUM7451,NA,https://doi.org/10.15470/j3rugb
Capsella rubella,30TUM75,30TUM7452,NA,https://doi.org/10.15470/j3rugb
Diplotaxis erucoides,30TUM75,30TUM7451,NA,https://doi.org/10.15470/j3rugb
Cardaria draba,30TUM75,30TUM7351,NA,https://doi.org/10.15470/j3rugb
Sinapis alba,30TUM75,30TUM7451,NA,https://doi.org/10.15470/j3rugb
Sisymbrium austriacum,30TUM75,30TUM7451,NA,https://doi.org/10.15470/j3rugb
Cerastium fontanum,30TUM75,30TUM7351,NA,https://doi.org/10.15470/j3rugb
Euphorbia helioscopia,30TUM75,30TUM7550,NA,https://doi.org/10.15470/j3rugb
Trifolium pratense,30TUM75,30TUM7352,NA,https://doi.org/10.15470/j3rugb
Vicia sativa,30TUM75,30TUM7351,NA,https://doi.org/10.15470/j3rugb
Vicia monantha,30TUM75,30TUM7452,NA,https://doi.org/10.15470/j3rugb
Ornithogalum umbellatum,30TUM75,30TUM7452,NA,https://doi.org/10.15470/j3rugb
Hordeum murinum,30TUM75,30TUM7350,NA,https://doi.org/10.15470/j3rugb
Adonis aestivalis,30TUM75,30TUM7454,NA,https://doi.org/10.15470/j3rugb
Romulea bulbocodium,NA,NA,NA,https://doi.org/10.15470/j3rugb
Narcissus bulbocodium,NA,NA,NA,https://doi.org/10.15470/j3rugb
Gagea spathacea,NA,NA,NA,https://doi.org/10.15470/j3rugb
Primula vulgaris,NA,NA,NA,https://doi.org/10.15470/j3rugb
Saxifraga granulata,NA,NA,NA,https://doi.org/10.15470/j3rugb
Paronychia argentea,NA,NA,NA,https://doi.org/10.15470/j3rugb
Genista falcata,NA,NA,NA,https://doi.org/10.15470/j3rugb
Ranunculus ficaria,30TTN82,30TTN8321,NA,https://doi.org/10.15470/j3rugb
Fragaria vesca,30TTN82,30TTN8321,NA,https://doi.org/10.15470/j3rugb
Anthyllis vulneraria,NA,NA,NA,https://doi.org/10.15470/j3rugb
Ranunculus acris,NA,NA,NA,https://doi.org/10.15470/j3rugb
Genistella tridentata,NA,NA,NA,https://doi.org/10.15470/j3rugb
Genista anglica,NA,NA,NA,https://doi.org/10.15470/j3rugb
Saxifraga granulata,NA,NA,NA,https://doi.org/10.15470/j3rugb
Rumex acetosella,NA,NA,NA,https://doi.org/10.15470/j3rugb
Papaver rhoeas,NA,NA,NA,https://doi.org/10.15470/j3rugb
Vinca major,NA,NA,NA,https://doi.org/10.15470/j3rugb
Cornus sanguinea,NA,NA,NA,https://doi.org/10.15470/j3rugb
Aquilegia vulgaris,NA,NA,NA,https://doi.org/10.15470/j3rugb
Polygala vulgaris,NA,NA,NA,https://doi.org/10.15470/j3rugb
Allium roseum,NA,NA,NA,https://doi.org/10.15470/j3rugb
Allium triquetrum,NA,NA,NA,https://doi.org/10.15470/j3rugb
Euphorbia portlandica,NA,NA,NA,https://doi.org/10.15470/j3rugb
Euphorbia paralias,NA,NA,NA,https://doi.org/10.15470/j3rugb
Rosa pouzinii,NA,NA,NA,https://doi.org/10.15470/j3rugb
Fragaria vesca,NA,NA,NA,https://doi.org/10.15470/j3rugb
Eryngium maritimum,NA,NA,NA,https://doi.org/10.15470/j3rugb
Serapias lingua,NA,NA,NA,https://doi.org/10.15470/j3rugb
Cakile maritima,NA,NA,NA,https://doi.org/10.15470/j3rugb
Ajuga reptans,NA,NA,NA,https://doi.org/10.15470/j3rugb
Glechoma hederacea,NA,NA,NA,https://doi.org/10.15470/j3rugb
Helichrysum stoechas,NA,NA,NA,https://doi.org/10.15470/j3rugb
Lotus corniculatus,NA,NA,NA,https://doi.org/10.15470/j3rugb
Robinia pseudoacacia,NA,NA,NA,https://doi.org/10.15470/j3rugb
Medicago lupulina,NA,NA,NA,https://doi.org/10.15470/j3rugb
Medicago littoralis,NA,NA,NA,https://doi.org/10.15470/j3rugb
Syringa vulgaris,29TQH24,29TQH2948,NA,https://doi.org/10.15470/j3rugb
Gentiana verna,29TQH34,29TQH3041,NA,https://doi.org/10.15470/j3rugb
Narcissus triandrus,NA,NA,NA,https://doi.org/10.15470/j3rugb
Bidens subalternans,31TDG50,NA,NA,https://doi.org/10.15470/j3rugb
Galinsoga parviflora,29TNG78,NA,NA,https://doi.org/10.15470/j3rugb
Senecio inaequidens,31TCH70,NA,NA,https://doi.org/10.15470/j3rugb
Dorycnium pentaphyllum,30TWK96,30TWK9968,NA,https://doi.org/10.15470/j3rugb
Scrophularia canina,30TWK96,30TWK9968,NA,https://doi.org/10.15470/j3rugb
Polystichum setiferum,29TBH80,NA,NA,https://doi.org/10.15470/j3rugb
Quercus rubra,29TPG27,NA,NA,https://doi.org/10.15470/j3rugb
Genista cinerea ausetana,30TWM47,30TWM4376,NA,https://doi.org/10.15470/j3rugb
Sorghum halepense,29TNH60,NA,NA,https://doi.org/10.15470/j3rugb
Anacamptis coriophora,30TUN94,30TUN9946,NA,https://doi.org/10.15470/j3rugb
Ophrys speculum,30TUN94,30TUN9745,NA,https://doi.org/10.15470/j3rugb
Gymnadenia pyrenaica,30TUN86,30TUN8267,NA,https://doi.org/10.15470/j3rugb
Gymnadenia pyrenaica,30TVN57,30TVN5377,NA,https://doi.org/10.15470/j3rugb
Rhinanthus minor,31TDE07,31TDE0570,NA,https://doi.org/10.15470/j3rugb
Galium estebanii,31TDE07,31TDE0570,NA,https://doi.org/10.15470/j3rugb
Ranunculus peltatus peltatus,31TDE08,31TDE0982,NA,https://doi.org/10.15470/j3rugb
Phyteuma orbiculare,31TDE07,31TDE0570,NA,https://doi.org/10.15470/j3rugb
Digitalis obscura,30TWK96,30TWK9968,NA,https://doi.org/10.15470/j3rugb
Euphrasia hirtella,31TDE07,31TDE0570,NA,https://doi.org/10.15470/j3rugb
Carduncellus monspelliensium,31TDE07,31TDE0570,NA,https://doi.org/10.15470/j3rugb
Rorippa sylvestris,30TTN62,30TTN6529,NA,https://doi.org/10.15470/j3rugb
Rorippa sylvestris,30TTN62,30TTN6825,NA,https://doi.org/10.15470/j3rugb
Rorippa sylvestris,30TUL08,30TUL0986,NA,https://doi.org/10.15470/j3rugb
Rorippa sylvestris,30TUL29,30TUL2291,NA,https://doi.org/10.15470/j3rugb
Chamaemelum fuscatum,30TTH83,30TTH8131,NA,https://doi.org/10.15470/j3rugb
Bromus racemosus,29TPH80,29TPH8206,NA,https://doi.org/10.15470/j3rugb
Hieracium hirsutum,29TPG75,29TPG7455,NA,https://doi.org/10.15470/j3rugb
Hieracium lycopifolium,29TPG75,29TPG7455,NA,https://doi.org/10.15470/j3rugb
Hieracium lanceolatum,29TPG74,29TPG7948,NA,https://doi.org/10.15470/j3rugb
Hieracium norvegicum,29TPG74,29TPG7348,NA,https://doi.org/10.15470/j3rugb
Cyperus eragrostis,29TPH81,29TPH8211,NA,https://doi.org/10.15470/j3rugb
Minuartia rubra,30TXK16,30TXK1064,NA,https://doi.org/10.15470/j3rugb
Alyssum montanum,30TXK06,30TXK0769,NA,https://doi.org/10.15470/j3rugb
Juncus bufonius,31TDE07,31TDE0570,NA,https://doi.org/10.15470/j3rugb
Sisymbrella aspera,30TXK16,30TXK1064,NA,https://doi.org/10.15470/j3rugb
Sedum andegavense,31TDE07,31TDE0570,NA,https://doi.org/10.15470/j3rugb
Potamogeton polygonifolius,31TDE08,31TDE0982,NA,https://doi.org/10.15470/j3rugb
Carex davalliana,NA,NA,NA,https://doi.org/10.15470/j3rugb
Hieracium souliei,31TBH53,31TBH5838,NA,https://doi.org/10.15470/j3rugb
Hieracium lividum,31TBH53,31TBH5839,NA,https://doi.org/10.15470/j3rugb
Hieracium cerinthoides,31TBH53,31TBH5837,NA,https://doi.org/10.15470/j3rugb
Hieracium cerinthoides,30TUN06,30TUN0469,NA,https://doi.org/10.15470/j3rugb
Hieracium loretii,30TUN06,30TUN0469,NA,https://doi.org/10.15470/j3rugb
Hieracium asturicum,30TUN06,30TUN0469,NA,https://doi.org/10.15470/j3rugb
Hieracium cerinthoides,30TUN06,30TUN0469,NA,https://doi.org/10.15470/j3rugb
Hieracium umbrosum,30TUN36,30TUN3062,NA,https://doi.org/10.15470/j3rugb
Hieracium divisum,30TUN26,30TUN2962,NA,https://doi.org/10.15470/j3rugb
Hieracium jurassicum,30TUN26,30TUN2861,NA,https://doi.org/10.15470/j3rugb
Hieracium alatum,30TYN43,30TYN4436,NA,https://doi.org/10.15470/j3rugb
Hieracium phlomoides,30TYN43,30TYN4336,NA,https://doi.org/10.15470/j3rugb
Hieracium cerleri,30TYN43,30TYN4134,NA,https://doi.org/10.15470/j3rugb
Hieracium phlomoides,31TBH53,31TBH5837,NA,https://doi.org/10.15470/j3rugb
Hieracium lamprophyllum,31TBH63,31TBH6236,NA,https://doi.org/10.15470/j3rugb
Hieracium alatum,31TBH63,31TBH6236,NA,https://doi.org/10.15470/j3rugb
Hieracium loretii,30TTN75,30TTN7757,NA,https://doi.org/10.15470/j3rugb
Hieracium lusitanicum,30TTN74,30TTN7846,NA,https://doi.org/10.15470/j3rugb
Hieracium divisum,30TUN86,30TUN8166,NA,https://doi.org/10.15470/j3rugb
Hieracium legionense,30TTN91,30TTN9219,NA,https://doi.org/10.15470/j3rugb
Hieracium legionense,30TTN91,30TTN9219,NA,https://doi.org/10.15470/j3rugb
Pilosella tricholepia,30TUN87,30TUN8676,NA,https://doi.org/10.15470/j3rugb
Hieracium asturicum,30TTN65,30TTN6955,NA,https://doi.org/10.15470/j3rugb
Hieracium urbionicum,29TQH36,29TQH3168,NA,https://doi.org/10.15470/j3rugb
Hieracium asturicum,29TQH36,29TQH3168,NA,https://doi.org/10.15470/j3rugb
Pilosella nordhispanica urduliziana,30TWP00,30TWP0303,NA,https://doi.org/10.15470/j3rugb
Hieracium cerinthoides,31TYN43,31TYN4436,NA,https://doi.org/10.15470/j3rugb
Hieracium phlomoides,31TYN43,31TYN4336,NA,https://doi.org/10.15470/j3rugb
Hieracium cerleri,31TYN43,31TYN4532,NA,https://doi.org/10.15470/j3rugb
Hieracium lamprophyllum,31TYN43,31TYN4532,NA,https://doi.org/10.15470/j3rugb
Silene pusilla,31TYN43,31TYN4032,NA,https://doi.org/10.15470/j3rugb
Pilosella hypeurocinerea microvasconica,30TWN09,30TWN0691,NA,https://doi.org/10.15470/j3rugb
Pilosella hypeurocinerea,30TUP59,30TUP5999,NA,https://doi.org/10.15470/j3rugb
Pilosella hypeurocinerea microvasconica,30TWN28,30TWN2284,NA,https://doi.org/10.15470/j3rugb
Lastrea limbosperma,30TTN75,30TTN7159,NA,https://doi.org/10.15470/j3rugb
Hieracium phlomoides,31TBH53,31TBH5836,NA,https://doi.org/10.15470/j3rugb
Hieracium phlomoides,31TBH63,31TBH6236,NA,https://doi.org/10.15470/j3rugb
Hieracium alatum,31TBH63,31TBH6236,NA,https://doi.org/10.15470/j3rugb
Hieracium lamprophyllum,31TBH63,31TBH6236,NA,https://doi.org/10.15470/j3rugb
Hieracium subcaesium,31TBH63,31TBH6236,NA,https://doi.org/10.15470/j3rugb
Hieracium divisum,30TYN43,30TYN4436,NA,https://doi.org/10.15470/j3rugb
Hieracium phlomoides,30TYN33,30TYN3738,NA,https://doi.org/10.15470/j3rugb
Carex demissa,NA,NA,NA,https://doi.org/10.15470/j3rugb
Carex demissa,30T2745,30T274451,NA,https://doi.org/10.15470/j3rugb
Carex demissa,NA,NA,NA,https://doi.org/10.15470/j3rugb
Carex canescens,NA,NA,NA,https://doi.org/10.15470/j3rugb
Carex brevicollis,NA,NA,NA,https://doi.org/10.15470/j3rugb
Carex binervis,NA,NA,NA,https://doi.org/10.15470/j3rugb
Carex asturica,NA,NA,NA,https://doi.org/10.15470/j3rugb
Quercus petraea,30TVM84,30TVM8943,NA,https://doi.org/10.15470/j3rugb
Quercus faginea,30TWM04,30TWM0546,NA,https://doi.org/10.15470/j3rugb
Quercus faginea,30T0537,30T053270,NA,https://doi.org/10.15470/j3rugb
Quercus robur,NA,NA,NA,https://doi.org/10.15470/j3rugb
Quercus petraea,30TWM38,30TWM3185,NA,https://doi.org/10.15470/j3rugb
Quercus petraea,30TWM38,30TWM3185,NA,https://doi.org/10.15470/j3rugb
Quercus petraea,30TWM38,30TWM3185,NA,https://doi.org/10.15470/j3rugb
Quercus petraea,30TWM23,30TWM2635,NA,https://doi.org/10.15470/j3rugb
Quercus petraea,30TWM23,30TWM2635,NA,https://doi.org/10.15470/j3rugb
Quercus petraea,30TWM23,30TWM2635,NA,https://doi.org/10.15470/j3rugb
Quercus petraea,30TWM46,30TWM4366,NA,https://doi.org/10.15470/j3rugb
Quercus petraea,30TVM96,30TVM9264,NA,https://doi.org/10.15470/j3rugb
Quercus petraea,30TVM96,30TVM9264,NA,https://doi.org/10.15470/j3rugb
Quercus petraea,30TWM92,30TWM9528,NA,https://doi.org/10.15470/j3rugb
Quercus petraea,30TWM45,30TWM4051,NA,https://doi.org/10.15470/j3rugb
Quercus petraea,30TWM45,30TWM4052,NA,https://doi.org/10.15470/j3rugb
Quercus orocantabrica xpetraea,30TWN04,30TWN0547,NA,https://doi.org/10.15470/j3rugb
Quercus faginea,30TWM38,30TWM3380,NA,https://doi.org/10.15470/j3rugb
Quercus orocantabrica xpyrenai,30TVM77,30TVM7371,NA,https://doi.org/10.15470/j3rugb
Quercus orocantabrica xpetraea,30TWM92,30TWM9529,NA,https://doi.org/10.15470/j3rugb
Quercus orocantabrica xpetraea,30TVM59,30TVM5195,NA,https://doi.org/10.15470/j3rugb
Quercus orocantabrica xfaginea,30TVM59,30TVM5195,NA,https://doi.org/10.15470/j3rugb
Quercus faginea,30TVM59,30TVM5195,NA,https://doi.org/10.15470/j3rugb
Hieracium langei,30TYN33,30TYN3837,NA,https://doi.org/10.15470/j3rugb
Eryngium viviparum,NA,NA,NA,https://doi.org/10.15470/j3rugb
Odontites viscosus australis,NA,NA,NA,https://doi.org/10.15470/j3rugb
Euphorbia flavicoma mariolensis,31TDF08,NA,NA,https://doi.org/10.15470/j3rugb
Euphorbia polygalifolia mariolensis,30TXL28,NA,NA,https://doi.org/10.15470/j3rugb
Erigeron annuus septentrionalis,31TDG44,NA,NA,https://doi.org/10.15470/j3rugb
Erigeron annuus septentrionalis,31TDG19,NA,NA,https://doi.org/10.15470/j3rugb
Dianthus pungens ruscionensis,31TEG09,NA,NA,https://doi.org/10.15470/j3rugb
Erigeron annuus,31TDG37,NA,NA,https://doi.org/10.15470/j3rugb
Diplotaxis crassifolia,30SWF99,NA,NA,https://doi.org/10.15470/j3rugb
Chaenorhinum origanifolium crassifolium,30SXH65,NA,NA,https://doi.org/10.15470/j3rugb
Centranthus ruber ruber,31TDF18,NA,NA,https://doi.org/10.15470/j3rugb
Centaurea pectinata pectinata,31TDG52,NA,NA,https://doi.org/10.15470/j3rugb
Carex flacca flacca,31TDG07,NA,NA,https://doi.org/10.15470/j3rugb
Campanula persicifolia subpyrenaica,31TCF48,NA,NA,https://doi.org/10.15470/j3rugb
Campanula persicifolia subpyrenaica,31TDG47,NA,NA,https://doi.org/10.15470/j3rugb
Campanula patula costae,31TCH60,NA,NA,https://doi.org/10.15470/j3rugb
Bupleurum ranunculoides gramineum,31TCH11,NA,NA,https://doi.org/10.15470/j3rugb
Bupleurum falcatum falcatum,31TCG86,31TCG8167,NA,https://doi.org/10.15470/j3rugb
Carex flacca,NA,NA,NA,https://doi.org/10.15470/j3rugb
Carex halleriana,30T5108,30T510786,NA,https://doi.org/10.15470/j3rugb
Hieracium sanisidroanum,30TUN06,30TUN0469,NA,https://doi.org/10.15470/j3rugb
Hieracium urdialesianum,30TTN74,30TTN7845,NA,https://doi.org/10.15470/j3rugb
Hieracium hirtoaragonense,31TCG57,31TCG5574,NA,https://doi.org/10.15470/j3rugb
Hieracium osormortianum,31TDG43,31TDG4839,NA,https://doi.org/10.15470/j3rugb
Hieracium boixolense,31TCG47,31TCG4973,NA,https://doi.org/10.15470/j3rugb
Hieracium sahunianum,31TBH53,31TBH5837,NA,https://doi.org/10.15470/j3rugb
Hieracium langei,30TYN43,30TYN4436,NA,https://doi.org/10.15470/j3rugb
Hieracium asturicum,30TUN36,30TUN3061,NA,https://doi.org/10.15470/j3rugb
Hieracium ramosissimum,29TQH26,29TQH2968,NA,https://doi.org/10.15470/j3rugb
Avenula pratensis iberica,31TBF73,NA,NA,https://doi.org/10.15470/j3rugb
Astragalus sempervirens catalaunicus,31TCH00,NA,NA,https://doi.org/10.15470/j3rugb
Antirrhinum majus majus,31TDF07,NA,NA,https://doi.org/10.15470/j3rugb
Anthyllis vulneraria boscii,31TCH01,NA,NA,https://doi.org/10.15470/j3rugb
Androsace elongata breistofferii,31TCF27,31TCF2277,NA,https://doi.org/10.15470/j3rugb
Alyssum montanum montanum,31TCG19,NA,NA,https://doi.org/10.15470/j3rugb
Allium senescens montanum,31TCH21,NA,NA,https://doi.org/10.15470/j3rugb
Satureja acinos meridionalis,31TCF37,31TCF3278,NA,https://doi.org/10.15470/j3rugb
Achillea monticola,NA,NA,NA,https://doi.org/10.15470/j3rugb
Achillea monticola,NA,NA,NA,https://doi.org/10.15470/j3rugb
Achillea monticola,NA,NA,NA,https://doi.org/10.15470/j3rugb
Achillea monticola,NA,NA,NA,https://doi.org/10.15470/j3rugb
Ursinia nana nana,31TCF15,NA,NA,https://doi.org/10.15470/j3rugb
Veronica austriaca vahlii,31TCF14,NA,NA,https://doi.org/10.15470/j3rugb
Scandix pecten-veneris pecten-veneris,31TDF17,31TDF1077,NA,https://doi.org/10.15470/j3rugb
Saxifraga granulata granulata,31TCG89,NA,NA,https://doi.org/10.15470/j3rugb
Saxifraga callosa catalaunica,31TDG00,NA,NA,https://doi.org/10.15470/j3rugb
Santolina chamaecyparissus pecten,31TCG76,31TCG7767,NA,https://doi.org/10.15470/j3rugb
Polygala vulgaris gerundensis,31TCG38,NA,NA,https://doi.org/10.15470/j3rugb
Pedicularis pyrenaica praetermissa,NA,NA,NA,https://doi.org/10.15470/j3rugb
Peucedanum officinale stenocarpum,31TCG96,31TCG9262,NA,https://doi.org/10.15470/j3rugb
Ononis tridentata,31TCG19,NA,NA,https://doi.org/10.15470/j3rugb
Minuartia recurva condensata,31TDH90,NA,NA,https://doi.org/10.15470/j3rugb
Minuartia laricifolia diomedis,31TDG18,NA,NA,https://doi.org/10.15470/j3rugb
Lonicera alpigena alpigena,31TCH11,NA,NA,https://doi.org/10.15470/j3rugb
Linum tenuifolium milletii,31TDG05,31TDG0354,NA,https://doi.org/10.15470/j3rugb
Lonicera alpigena alpigena,31TDG18,NA,NA,https://doi.org/10.15470/j3rugb
Lapsana communis communis,31TDG60,31TDG6003,NA,https://doi.org/10.15470/j3rugb
Lavandula pyrenaica,31TCG76,31TCG7667,NA,https://doi.org/10.15470/j3rugb
Hyssopus officinalis canescens,31TCG77,NA,NA,https://doi.org/10.15470/j3rugb
Hyssopus officinalis pilifer,31TCG98,NA,NA,https://doi.org/10.15470/j3rugb
Helianthemum nummularium tomentosum,31TCG29,NA,NA,https://doi.org/10.15470/j3rugb
Genista cinerea ausetana,31TCH00,NA,NA,https://doi.org/10.15470/j3rugb
Carex brevicollis,NA,NA,NA,https://doi.org/10.15470/j3rugb
Carex sylvatica sylvatica,NA,NA,NA,https://doi.org/10.15470/j3rugb
Carex flacca,NA,NA,NA,https://doi.org/10.15470/j3rugb
Carex humilis,NA,NA,NA,https://doi.org/10.15470/j3rugb
Polygonum lapathifolium,NA,NA,NA,https://doi.org/10.15470/j3rugb
Circaea lutetiana,NA,NA,NA,https://doi.org/10.15470/j3rugb
Festuca summilusitana,NA,NA,NA,https://doi.org/10.15470/j3rugb
Phalaris arundinacea,NA,NA,NA,https://doi.org/10.15470/j3rugb
Epilobium hirsutum,NA,NA,NA,https://doi.org/10.15470/j3rugb
Agrostis stolonifera,NA,NA,NA,https://doi.org/10.15470/j3rugb
Matthiola perennis,NA,NA,NA,https://doi.org/10.15470/j3rugb
Stellaria nemorum,NA,NA,NA,https://doi.org/10.15470/j3rugb
Odontites longiflorus,30SXH88,NA,NA,https://doi.org/10.15470/j3rugb
Festuca capillifolia,NA,NA,NA,https://doi.org/10.15470/j3rugb
Haplophyllum linifolium rosmarinifolium,30SXG99,NA,NA,https://doi.org/10.15470/j3rugb
Erodium sanguischristi,30SYH47,NA,NA,https://doi.org/10.15470/j3rugb
Silene inaperta,30SXH82,NA,NA,https://doi.org/10.15470/j3rugb
Cytisus heterochrous,30SYH29,NA,NA,https://doi.org/10.15470/j3rugb
Lotus corniculatus,30SYH29,NA,NA,https://doi.org/10.15470/j3rugb
Juncus subulatus,30SYH97,NA,NA,https://doi.org/10.15470/j3rugb
Centaurium tenuiflorum,30SYH97,NA,NA,https://doi.org/10.15470/j3rugb
Teucrium buxifolium rivasii,30SXH95,NA,NA,https://doi.org/10.15470/j3rugb
Carduus assoi hispanicus,30SYH18,NA,NA,https://doi.org/10.15470/j3rugb
Erica arborea,29SQB89,NA,NA,https://doi.org/10.15470/j3rugb
Hieracium cerinthoides,31TYN43,31TYN4532,NA,https://doi.org/10.15470/j3rugb
Chamaesyce maculata,29TQG44,29TQG4246,NA,https://doi.org/10.15470/j3rugb
Adenocarpus complicatus,NA,NA,NA,https://doi.org/10.15470/j3rugb
Wangenheimia lima,NA,NA,NA,https://doi.org/10.15470/j3rugb
Narcissus triandrus triandrus,NA,NA,NA,https://doi.org/10.15470/j3rugb
Halimium lasianthum alyssoides,NA,NA,NA,https://doi.org/10.15470/j3rugb
Echinochloa colona,30SYH14,30SYH1949,NA,https://doi.org/10.15470/j3rugb
Agrostis truncatula commista,29TPG78,29TPG7882,NA,https://doi.org/10.15470/j3rugb
Sedum tenuifolium ibericum,29TPG66,29TPG6663,NA,https://doi.org/10.15470/j3rugb
Duchesnea indica,30TWN89,30TWN8394,NA,https://doi.org/10.15470/j3rugb
Symphoricarpos albus,30TWN05,30TWN0952,NA,https://doi.org/10.15470/j3rugb
Aegonychon purpurocaeruleum,NA,NA,NA,https://doi.org/10.15470/j3rugb
Heliotropium supinum,NA,NA,NA,https://doi.org/10.15470/j3rugb
Juncus hybridus,NA,NA,NA,https://doi.org/10.15470/j3rugb
Cerinthe major,NA,NA,NA,https://doi.org/10.15470/j3rugb
Foeniculum vulgare,NA,NA,NA,https://doi.org/10.15470/j3rugb
Silene nutans,30TTP60,30TTP6603,NA,https://doi.org/10.15470/j3rugb
Silene uniflora,30TTP62,30TTP6229,NA,https://doi.org/10.15470/j3rugb
Primula vulgaris,30TTP61,30TTP6918,NA,https://doi.org/10.15470/j3rugb
Betula pubescens,30TVL22,30TVL2526,NA,https://doi.org/10.15470/j3rugb
Wedelia glauca,30TVK68,30TVK6782,NA,https://doi.org/10.15470/j3rugb
Papaver somniferum somniferum,30TVK79,30TVK7897,NA,https://doi.org/10.15470/j3rugb
Centipeda cunninghamii,29SPD83,29SPD8336,NA,https://doi.org/10.15470/j3rugb
Anthoxanthum aristatum,30TTK75,30TTK7156,NA,https://doi.org/10.15470/j3rugb
Eragrostis frankii,29SQD00,29SQD0104,NA,https://doi.org/10.15470/j3rugb
Euphrasia alpina,30TWN76,30TWN7864,NA,https://doi.org/10.15470/j3rugb
Azolla filiculoides,30TXM07,30TXM0671,NA,https://doi.org/10.15470/j3rugb
Equisetum telmateia,NA,NA,NA,https://doi.org/10.15470/j3rugb
Aquilegia vulgaris dichroa,NA,NA,NA,https://doi.org/10.15470/j3rugb
Lepidophorum repandum,NA,NA,NA,https://doi.org/10.15470/j3rugb
Cardaria draba,NA,NA,NA,https://doi.org/10.15470/j3rugb
Scrophularia canina,NA,NA,NA,https://doi.org/10.15470/j3rugb
Cynoglossum creticum,NA,NA,NA,https://doi.org/10.15470/j3rugb
Cephalaria linearifolia,NA,NA,NA,https://doi.org/10.15470/j3rugb
Amaranthus viridis,30TVK43,30TVK4931,NA,https://doi.org/10.15470/j3rugb
Quercus suber,30TXP24,30TXP2947,NA,https://doi.org/10.15470/j3rugb
Dianthus turolensis,30SXK82,30SXK8726,NA,https://doi.org/10.15470/j3rugb
Genista cinerea ausetana,30SXK82,30SXK8726,NA,https://doi.org/10.15470/j3rugb
Jasonia tuberosa,NA,NA,NA,https://doi.org/10.15470/j3rugb
Catananche caerulea,NA,NA,NA,https://doi.org/10.15470/j3rugb
Cucubalus baccifer,NA,NA,NA,https://doi.org/10.15470/j3rugb
Tragopogon crocifolius,NA,NA,NA,https://doi.org/10.15470/j3rugb
Hieracium divisum,30TTN91,30TTN9119,NA,https://doi.org/10.15470/j3rugb
Hieracium osonense,31TDG43,31TDG4839,NA,https://doi.org/10.15470/j3rugb
Hieracium subcaesium,31TBH70,31TBH7008,NA,https://doi.org/10.15470/j3rugb
Hieracium murlainzii,30TTN84,30TTN8144,NA,https://doi.org/10.15470/j3rugb
Hieracium mixtibifidum,30TTN84,30TTN8144,NA,https://doi.org/10.15470/j3rugb
Hieracium divisum,30TUN15,30TUN1556,NA,https://doi.org/10.15470/j3rugb
Hieracium hastile,31TDH22,31TDH2221,NA,https://doi.org/10.15470/j3rugb
Hieracium atropictum,31TDH22,31TDH2221,NA,https://doi.org/10.15470/j3rugb
Hieracium glaucocerinthe,31TDH22,31TDH2221,NA,https://doi.org/10.15470/j3rugb
Hieracium violettianum,31TDH13,31TDH1732,NA,https://doi.org/10.15470/j3rugb
Hieracium benascanum,31TDH20,31TDH2300,NA,https://doi.org/10.15470/j3rugb
Hieracium eriopogon,31TBH92,31TBH9923,NA,https://doi.org/10.15470/j3rugb
Hieracium langei,31TCH01,31TCH0019,NA,https://doi.org/10.15470/j3rugb
Hieracium phlomoides,31TBH60,31TBH6808,NA,https://doi.org/10.15470/j3rugb
Alnus lusitanica,NA,NA,NA,https://doi.org/10.15470/j3rugb
Luzula forsteri,NA,NA,NA,https://doi.org/10.15470/j3rugb
Galium mollugo,NA,NA,NA,https://doi.org/10.15470/j3rugb
Vulpia _,NA,NA,NA,https://doi.org/10.15470/j3rugb
Sesamoides purpurascens,NA,NA,NA,https://doi.org/10.15470/j3rugb
Allium vineale,NA,NA,NA,https://doi.org/10.15470/j3rugb
Hypericum montanum,NA,NA,NA,https://doi.org/10.15470/j3rugb
Asplenium onopteris,NA,NA,NA,https://doi.org/10.15470/j3rugb
Brachypodium sylvaticum,NA,NA,NA,https://doi.org/10.15470/j3rugb
Brachypodium sylvaticum,NA,NA,NA,https://doi.org/10.15470/j3rugb
Torilis arvensis,NA,NA,NA,https://doi.org/10.15470/j3rugb
Petrorhagia nanteuilii,NA,NA,NA,https://doi.org/10.15470/j3rugb
Asplenium adiantum-nigrum,NA,NA,NA,https://doi.org/10.15470/j3rugb
Eryngium tenue,NA,NA,NA,https://doi.org/10.15470/j3rugb
Filago pyramidata,NA,NA,NA,https://doi.org/10.15470/j3rugb
Epilobium obscurum,NA,NA,NA,https://doi.org/10.15470/j3rugb
Anagallis foemina,NA,NA,NA,https://doi.org/10.15470/j3rugb
Odontites granatensis,NA,NA,NA,https://doi.org/10.15470/j3rugb
Polypodium vulgare,NA,NA,NA,https://doi.org/10.15470/j3rugb
Asplenium trichomanes,NA,NA,NA,https://doi.org/10.15470/j3rugb
Helichrysum stoechas,NA,NA,NA,https://doi.org/10.15470/j3rugb
Lonicera etrusca,NA,NA,NA,https://doi.org/10.15470/j3rugb
Centaurea paniculata,NA,NA,NA,https://doi.org/10.15470/j3rugb
Galium pinetorum,NA,NA,NA,https://doi.org/10.15470/j3rugb
Thesium divaricatum,NA,NA,NA,https://doi.org/10.15470/j3rugb
Campanula lusitanica lusitanica,NA,NA,NA,https://doi.org/10.15470/j3rugb
Agrostis capillaris,NA,NA,NA,https://doi.org/10.15470/j3rugb
Sorbus torminalis,NA,NA,NA,https://doi.org/10.15470/j3rugb
Rubus ulmifolius,NA,NA,NA,https://doi.org/10.15470/j3rugb
Rosa obtusifolia,NA,NA,NA,https://doi.org/10.15470/j3rugb
Galium lucidum,NA,NA,NA,https://doi.org/10.15470/j3rugb
Tanacetum corymbosum,NA,NA,NA,https://doi.org/10.15470/j3rugb
Centaurium grandiflorum majus,NA,NA,NA,https://doi.org/10.15470/j3rugb
Trifolium angustifolium,NA,NA,NA,https://doi.org/10.15470/j3rugb
Veronica anagallis-aquatica,NA,NA,NA,https://doi.org/10.15470/j3rugb
Linum bienne,NA,NA,NA,https://doi.org/10.15470/j3rugb
Castanea sativa,NA,NA,NA,https://doi.org/10.15470/j3rugb
Quercus petraea,30TWM04,30TWM0546,NA,https://doi.org/10.15470/j3rugb
Mantisalca salmantica,NA,NA,NA,https://doi.org/10.15470/j3rugb
Tamus communis,NA,NA,NA,https://doi.org/10.15470/j3rugb
Quercus petraea,NA,NA,NA,https://doi.org/10.15470/j3rugb
Euphorbia amygdaloides,NA,NA,NA,https://doi.org/10.15470/j3rugb
Vicia villosa varia,NA,NA,NA,https://doi.org/10.15470/j3rugb
Veronica montana,NA,NA,NA,https://doi.org/10.15470/j3rugb
Ruta graveolens,NA,NA,NA,https://doi.org/10.15470/j3rugb
Avena barbata barbata,NA,NA,NA,https://doi.org/10.15470/j3rugb
Physospermum cornubiense,NA,NA,NA,https://doi.org/10.15470/j3rugb
Geranium pyrenaicum,NA,NA,NA,https://doi.org/10.15470/j3rugb
Hippocrepis comosa,NA,NA,NA,https://doi.org/10.15470/j3rugb
Hedera hibernica,NA,NA,NA,https://doi.org/10.15470/j3rugb
Polygonatum odoratum,NA,NA,NA,https://doi.org/10.15470/j3rugb
Leontodon hispidus,NA,NA,NA,https://doi.org/10.15470/j3rugb
Circaea lutetiana,NA,NA,NA,https://doi.org/10.15470/j3rugb
Sedum dasyphyllum,NA,NA,NA,https://doi.org/10.15470/j3rugb
Plantago coronopus,NA,NA,NA,https://doi.org/10.15470/j3rugb
Juncus bufonius,NA,NA,NA,https://doi.org/10.15470/j3rugb
Tordylium maximum,NA,NA,NA,https://doi.org/10.15470/j3rugb
Juncus bufonius,NA,NA,NA,https://doi.org/10.15470/j3rugb
Sedum forsterianum,NA,NA,NA,https://doi.org/10.15470/j3rugb
Lophochloa cristata,NA,NA,NA,https://doi.org/10.15470/j3rugb
Phagnalon saxatile,NA,NA,NA,https://doi.org/10.15470/j3rugb
Hypericum montanum,NA,NA,NA,https://doi.org/10.15470/j3rugb
Phillyrea angustifolia,NA,NA,NA,https://doi.org/10.15470/j3rugb
Rhamnus alaternus,NA,NA,NA,https://doi.org/10.15470/j3rugb
Prunella grandiflora,NA,NA,NA,https://doi.org/10.15470/j3rugb
Genista falcata,NA,NA,NA,https://doi.org/10.15470/j3rugb
Phleum pratense,NA,NA,NA,https://doi.org/10.15470/j3rugb
Helichrysum stoechas,NA,NA,NA,https://doi.org/10.15470/j3rugb
Acer pseudoplatanus,NA,NA,NA,https://doi.org/10.15470/j3rugb
Vicia sepium,NA,NA,NA,https://doi.org/10.15470/j3rugb
Polystichum setiferum,NA,NA,NA,https://doi.org/10.15470/j3rugb
Primula vulgaris,NA,NA,NA,https://doi.org/10.15470/j3rugb
Rhamnus cathartica,NA,NA,NA,https://doi.org/10.15470/j3rugb
Brachypodium sylvaticum,NA,NA,NA,https://doi.org/10.15470/j3rugb
Eupatorium cannabinum,NA,NA,NA,https://doi.org/10.15470/j3rugb
Geum urbanum,NA,NA,NA,https://doi.org/10.15470/j3rugb
Carex divulsa,NA,NA,NA,https://doi.org/10.15470/j3rugb
Carex muricata pairae,NA,NA,NA,https://doi.org/10.15470/j3rugb
Carex flacca,NA,NA,NA,https://doi.org/10.15470/j3rugb
Anthriscus sylvestris,NA,NA,NA,https://doi.org/10.15470/j3rugb
Euonymus europaeus,NA,NA,NA,https://doi.org/10.15470/j3rugb
Phalaris arundinacea,NA,NA,NA,https://doi.org/10.15470/j3rugb
Juncus inflexus,NA,NA,NA,https://doi.org/10.15470/j3rugb
Euphorbia falcata,NA,NA,NA,https://doi.org/10.15470/j3rugb
Fraxinus excelsior,NA,NA,NA,https://doi.org/10.15470/j3rugb
Acer pseudoplatanus,NA,NA,NA,https://doi.org/10.15470/j3rugb
Acer pseudoplatanus,NA,NA,NA,https://doi.org/10.15470/j3rugb
Juncus articulatus,NA,NA,NA,https://doi.org/10.15470/j3rugb
Carex elata reuteriana,NA,NA,NA,https://doi.org/10.15470/j3rugb
Acer monspessulanum,NA,NA,NA,https://doi.org/10.15470/j3rugb
Carex remota,NA,NA,NA,https://doi.org/10.15470/j3rugb
Ruscus aculeatus,NA,NA,NA,https://doi.org/10.15470/j3rugb
Lapsana communis,NA,NA,NA,https://doi.org/10.15470/j3rugb
Pistacia terebinthus,NA,NA,NA,https://doi.org/10.15470/j3rugb
Anarrhinum bellidifolium,NA,NA,NA,https://doi.org/10.15470/j3rugb
Jasminum fruticans,NA,NA,NA,https://doi.org/10.15470/j3rugb
Prunus insititia,NA,NA,NA,https://doi.org/10.15470/j3rugb
Galium verum,NA,NA,NA,https://doi.org/10.15470/j3rugb
Viburnum lantana,NA,NA,NA,https://doi.org/10.15470/j3rugb
Asplenium billotii,NA,NA,NA,https://doi.org/10.15470/j3rugb
Campanula lusitanica,NA,NA,NA,https://doi.org/10.15470/j3rugb
Asplenium onopteris,NA,NA,NA,https://doi.org/10.15470/j3rugb
Rhamnus cathartica,NA,NA,NA,https://doi.org/10.15470/j3rugb
Oenanthe crocata,NA,NA,NA,https://doi.org/10.15470/j3rugb
Crepis lampsanoides,NA,NA,NA,https://doi.org/10.15470/j3rugb
Ranunculus penicillatus,NA,NA,NA,https://doi.org/10.15470/j3rugb
Ranunculus penicillatus,NA,NA,NA,https://doi.org/10.15470/j3rugb
Scrophularia auriculata auriculata,NA,NA,NA,https://doi.org/10.15470/j3rugb
Veronica anagallis-aquatica,NA,NA,NA,https://doi.org/10.15470/j3rugb
Cyperus longus,NA,NA,NA,https://doi.org/10.15470/j3rugb
Andryala ragusina,NA,NA,NA,https://doi.org/10.15470/j3rugb
Cyperus longus,NA,NA,NA,https://doi.org/10.15470/j3rugb
Ophioglossum azoricum,NA,NA,NA,https://doi.org/10.15470/j3rugb
Holcus lanatus,NA,NA,NA,https://doi.org/10.15470/j3rugb
Brachypodium sylvaticum,NA,NA,NA,https://doi.org/10.15470/j3rugb
Cynosurus cristatus,NA,NA,NA,https://doi.org/10.15470/j3rugb
Carex muricata,NA,NA,NA,https://doi.org/10.15470/j3rugb
Hypericum perforatum,NA,NA,NA,https://doi.org/10.15470/j3rugb
Cynosurus cristatus,NA,NA,NA,https://doi.org/10.15470/j3rugb
Umbilicus heylandianus,NA,NA,NA,https://doi.org/10.15470/j3rugb
Melica uniflora,NA,NA,NA,https://doi.org/10.15470/j3rugb
Mantisalca salmantica,NA,NA,NA,https://doi.org/10.15470/j3rugb
Pallenis spinosa,NA,NA,NA,https://doi.org/10.15470/j3rugb
Allium schoenoprasum,NA,NA,NA,https://doi.org/10.15470/j3rugb
Leontodon farinosus,NA,NA,NA,https://doi.org/10.15470/j3rugb
Panicum capillare,30T1897,30T189771,NA,https://doi.org/10.15470/j3rugb
Salix neotricha,NA,NA,NA,https://doi.org/10.15470/j3rugb
Lemna minor,NA,NA,NA,https://doi.org/10.15470/j3rugb
Bromus ramosus,NA,NA,NA,https://doi.org/10.15470/j3rugb
Sparganium erectum neglectum,NA,NA,NA,https://doi.org/10.15470/j3rugb
Cyperus eragrostis,NA,NA,NA,https://doi.org/10.15470/j3rugb
Lysimachia vulgaris,NA,NA,NA,https://doi.org/10.15470/j3rugb
Lemna gibba,NA,NA,NA,https://doi.org/10.15470/j3rugb
Filago pyramidata,NA,NA,NA,https://doi.org/10.15470/j3rugb
Gastridium ventricosum,NA,NA,NA,https://doi.org/10.15470/j3rugb
Carex divisa,NA,NA,NA,https://doi.org/10.15470/j3rugb
Asperula aristata longiflora,NA,NA,NA,https://doi.org/10.15470/j3rugb
Leuzea conifera,NA,NA,NA,https://doi.org/10.15470/j3rugb
Mentha pulegium,NA,NA,NA,https://doi.org/10.15470/j3rugb
Hypericum montanum,NA,NA,NA,https://doi.org/10.15470/j3rugb
Asplenium onopteris,NA,NA,NA,https://doi.org/10.15470/j3rugb
Quercus subpyrenaica,30TWM39,30TWM3492,NA,https://doi.org/10.15470/j3rugb
Quercus subpyrenaica,30TWM39,30TWM3492,NA,https://doi.org/10.15470/j3rugb
Quercus subpyrenaica,30TWM09,30TWM0895,NA,https://doi.org/10.15470/j3rugb
Quercus subpyrenaica,30TWM09,30TWM0895,NA,https://doi.org/10.15470/j3rugb
Quercus subpyrenaica,30TWM09,30TWM0895,NA,https://doi.org/10.15470/j3rugb
Quercus subpyrenaica,30TWM09,30TWM0895,NA,https://doi.org/10.15470/j3rugb
Quercus petraea,30TVM04,30TVM0446,NA,https://doi.org/10.15470/j3rugb
Quercus petraea,30TVM04,30TVM0446,NA,https://doi.org/10.15470/j3rugb
Quercus petraea,30TWM04,30TWM0546,NA,https://doi.org/10.15470/j3rugb
Quercus petraea,30TWM04,30TWM0546,NA,https://doi.org/10.15470/j3rugb
Quercus petraea,30TWM04,30TWM0546,NA,https://doi.org/10.15470/j3rugb
Quercus petraea,30TWM04,30TWM0546,NA,https://doi.org/10.15470/j3rugb
Quercus petraea,30TWM04,30TWM0546,NA,https://doi.org/10.15470/j3rugb
Quercus petraea,30TWM04,30TWM0546,NA,https://doi.org/10.15470/j3rugb
Quercus petraea,30TWM04,30TWM0546,NA,https://doi.org/10.15470/j3rugb
Quercus petraea,30TWM25,NA,NA,https://doi.org/10.15470/j3rugb
Quercus petraea,30TWM25,NA,NA,https://doi.org/10.15470/j3rugb
Quercus petraea,30TVM98,NA,NA,https://doi.org/10.15470/j3rugb
Quercus petraea,30TVM85,NA,NA,https://doi.org/10.15470/j3rugb
Quercus petraea,30TVM85,NA,NA,https://doi.org/10.15470/j3rugb
Quercus petraea,30TWM24,30TWM2948,NA,https://doi.org/10.15470/j3rugb
Quercus petraea,30TWM24,30TWM2948,NA,https://doi.org/10.15470/j3rugb
Quercus petraea,30TVM95,NA,NA,https://doi.org/10.15470/j3rugb
Carex remota,NA,NA,NA,https://doi.org/10.15470/j3rugb
Lythrum thymifolia,NA,NA,NA,https://doi.org/10.15470/j3rugb
Agrostis castellana,NA,NA,NA,https://doi.org/10.15470/j3rugb
Acinos alpinus,NA,NA,NA,https://doi.org/10.15470/j3rugb
Echinaria capitata,NA,NA,NA,https://doi.org/10.15470/j3rugb
Hordeum murinum leporinum,NA,NA,NA,https://doi.org/10.15470/j3rugb
Prunella laciniata,NA,NA,NA,https://doi.org/10.15470/j3rugb
Velezia rigida,NA,NA,NA,https://doi.org/10.15470/j3rugb
Crucianella angustifolia,NA,NA,NA,https://doi.org/10.15470/j3rugb
Gastridium ventricosum,NA,NA,NA,https://doi.org/10.15470/j3rugb
Ajuga chamaepitys,NA,NA,NA,https://doi.org/10.15470/j3rugb
Echinochloa frumentacea,NA,NA,NA,https://doi.org/10.15470/j3rugb
Asplenium onopteris,NA,NA,NA,https://doi.org/10.15470/j3rugb
Melica uniflora,NA,NA,NA,https://doi.org/10.15470/j3rugb
Thesium divaricatum,NA,NA,NA,https://doi.org/10.15470/j3rugb
Aegilops triuncialis,NA,NA,NA,https://doi.org/10.15470/j3rugb
Cephalanthera rubra,NA,NA,NA,https://doi.org/10.15470/j3rugb
Tragopogon pratensis,NA,NA,NA,https://doi.org/10.15470/j3rugb
Avenula pratensis iberica,NA,NA,NA,https://doi.org/10.15470/j3rugb
Cystopteris fragilis,NA,NA,NA,https://doi.org/10.15470/j3rugb
Ulmus minor,NA,NA,NA,https://doi.org/10.15470/j3rugb
Malva tournefortiana,NA,NA,NA,https://doi.org/10.15470/j3rugb
Viburnum lantana,NA,NA,NA,https://doi.org/10.15470/j3rugb
Malus communis,NA,NA,NA,https://doi.org/10.15470/j3rugb
Gastridium ventricosum,NA,NA,NA,https://doi.org/10.15470/j3rugb
Cardamine hirsuta,NA,NA,NA,https://doi.org/10.15470/j3rugb
Valerianella locusta,NA,NA,NA,https://doi.org/10.15470/j3rugb
Calepina irregularis,NA,NA,NA,https://doi.org/10.15470/j3rugb
Luzula campestris,NA,NA,NA,https://doi.org/10.15470/j3rugb
Jonopsidium abulense,NA,NA,NA,https://doi.org/10.15470/j3rugb
Centaurium pulchellum,NA,NA,NA,https://doi.org/10.15470/j3rugb
Carex divulsa leersii,NA,NA,NA,https://doi.org/10.15470/j3rugb
Brachypodium distachyon,NA,NA,NA,https://doi.org/10.15470/j3rugb
Centaurium grandiflorum majus,NA,NA,NA,https://doi.org/10.15470/j3rugb
Desmazeria rigida,NA,NA,NA,https://doi.org/10.15470/j3rugb
Parapholis strigosa,NA,NA,NA,https://doi.org/10.15470/j3rugb
Lophochloa cristata,NA,NA,NA,https://doi.org/10.15470/j3rugb
Astragalus incanus nummularioides,NA,NA,NA,https://doi.org/10.15470/j3rugb
Cruciata laevipes,NA,NA,NA,https://doi.org/10.15470/j3rugb
Polystichum setiferum,NA,NA,NA,https://doi.org/10.15470/j3rugb
Senecio lividus,NA,NA,NA,https://doi.org/10.15470/j3rugb
Asplenium trichomanes quadrivalens,NA,NA,NA,https://doi.org/10.15470/j3rugb
Calendula arvensis,NA,NA,NA,https://doi.org/10.15470/j3rugb
Sedum album,NA,NA,NA,https://doi.org/10.15470/j3rugb
Bellis sylvestris,NA,NA,NA,https://doi.org/10.15470/j3rugb
Capsella rubella,NA,NA,NA,https://doi.org/10.15470/j3rugb
Alyssum granatense,NA,NA,NA,https://doi.org/10.15470/j3rugb
Myosotis discolor,NA,NA,NA,https://doi.org/10.15470/j3rugb
Myosotis discolor,NA,NA,NA,https://doi.org/10.15470/j3rugb
Ruscus aculeatus,NA,NA,NA,https://doi.org/10.15470/j3rugb
Aegilops geniculata,NA,NA,NA,https://doi.org/10.15470/j3rugb
Bromus scoparius,NA,NA,NA,https://doi.org/10.15470/j3rugb
Myosotis decumbens,NA,NA,NA,https://doi.org/10.15470/j3rugb
Sesamoides canescens,NA,NA,NA,https://doi.org/10.15470/j3rugb
Ophrys apifera,NA,NA,NA,https://doi.org/10.15470/j3rugb
Hieracium picoalbense,29TQH45,29TQH4451,NA,https://doi.org/10.15470/j3rugb
Hieracium coleoides,31TCH01,31TCH0118,NA,https://doi.org/10.15470/j3rugb
Hieracium asturicum,30TYN03,30TYN0039,NA,https://doi.org/10.15470/j3rugb
Hieracium asturicum,30TBH62,30TBH6529,NA,https://doi.org/10.15470/j3rugb
Hieracium aesculifolium,30TUN47,30TUN4977,NA,https://doi.org/10.15470/j3rugb
Hieracium pseudoalejandrei,30TTN95,30TTN9659,NA,https://doi.org/10.15470/j3rugb
Hieracium marinianum,30TUN37,30TUN3976,NA,https://doi.org/10.15470/j3rugb
Hieracium salarduense,30TUN47,30TUN4977,NA,https://doi.org/10.15470/j3rugb
Hieracium alejandrei,30TTN84,30TTN8044,NA,https://doi.org/10.15470/j3rugb
Hieracium _,30TYN03,30TYN0139,NA,https://doi.org/10.15470/j3rugb
Euphorbia hyberna,31TCH12,31TCH1228,NA,https://doi.org/10.15470/j3rugb
Equisetum ramosissimum ramosissimum,31TDF09,NA,NA,https://doi.org/10.15470/j3rugb
Capsicum annuum,31TDG01,NA,NA,https://doi.org/10.15470/j3rugb
Campanula rotundifolia,31TDG49,NA,NA,https://doi.org/10.15470/j3rugb
Rumex induratus,NA,NA,NA,https://doi.org/10.15470/j3rugb
Santolina semidentata,NA,NA,NA,https://doi.org/10.15470/j3rugb
Hieracium balnearicum,30TYN23,30TYN2637,NA,https://doi.org/10.15470/j3rugb
Hieracium cryptanthum,31TBH62,31TBH6529,NA,https://doi.org/10.15470/j3rugb
Hieracium solerianum,30TYN02,30TYN0729,NA,https://doi.org/10.15470/j3rugb
Hieracium belsetanum,31TCH01,31TCH0118,NA,https://doi.org/10.15470/j3rugb
Lathyrus filiformis,NA,NA,NA,https://doi.org/10.15470/j3rugb
Leontodon autumnalis,31TDG47,NA,NA,https://doi.org/10.15470/j3rugb
Lonicera pyrenaica,31TCG67,NA,NA,https://doi.org/10.15470/j3rugb
Quercus humilis,31TCG89,NA,NA,https://doi.org/10.15470/j3rugb
Rosa moschata,31TCG68,31TCG6183,NA,https://doi.org/10.15470/j3rugb
Rumex cristatus,31TDF29,31TDF2594,NA,https://doi.org/10.15470/j3rugb
Saxifraga geranioides,NA,NA,NA,https://doi.org/10.15470/j3rugb
Saxifraga pentadactylis pentadactylis,NA,NA,NA,https://doi.org/10.15470/j3rugb
Campanula recta,31TCH60,NA,NA,https://doi.org/10.15470/j3rugb
Hieracium fagopalentinum,30TTN55,30TTN5551,NA,https://doi.org/10.15470/j3rugb
Hieracium iberomaculatum,NA,NA,NA,https://doi.org/10.15470/j3rugb
Saxifraga geranioides,NA,NA,NA,https://doi.org/10.15470/j3rugb
Betula celtiberica,30TUN17,30TUN1571,NA,https://doi.org/10.15470/j3rugb
Lychnis flos-cuculi,30TUN16,30TUN1467,NA,https://doi.org/10.15470/j3rugb
Thymus munbyanus mastigophorus,30TUN16,30TUN1868,NA,https://doi.org/10.15470/j3rugb
Lotus corniculatus,30TUN17,30TUN1672,NA,https://doi.org/10.15470/j3rugb
Trifolium pratense,30TUN16,NA,NA,https://doi.org/10.15470/j3rugb
Hieracium saliencianum,29TQH35,29TQH3755,NA,https://doi.org/10.15470/j3rugb
Xanthium orientale,30SXJ55,30SXJ5750,NA,https://doi.org/10.15470/j3rugb
Achillea millefolium ceretanica,31TDG18,31TDG1488,NA,https://doi.org/10.15470/j3rugb
Bromus lanceolatus,NA,NA,NA,https://doi.org/10.15470/j3rugb
Scorpiurus sulcatus,NA,NA,NA,https://doi.org/10.15470/j3rugb
Euphorbia pterococca,NA,NA,NA,https://doi.org/10.15470/j3rugb
Stachys ocymastrum,NA,NA,NA,https://doi.org/10.15470/j3rugb
Epilobium hirsutum,NA,NA,NA,https://doi.org/10.15470/j3rugb
Oxalis corniculata,30TUP20,30TUP2908,NA,https://doi.org/10.15470/j3rugb
Ricinus communis,30SVF57,30SVF5375,NA,https://doi.org/10.15470/j3rugb
Quercus robur broteroana,29TQE16,29TQE1567,NA,https://doi.org/10.15470/j3rugb
Silene inaperta,29TQE16,29TQE1567,NA,https://doi.org/10.15470/j3rugb
Dactyloctenium aegyptium,29SQD50,29SQD5209,NA,https://doi.org/10.15470/j3rugb
Dittrichia revoluta,29SNB43,29SNB4432,NA,https://doi.org/10.15470/j3rugb
Muscari comosum,NA,NA,NA,https://doi.org/10.15470/j3rugb
Scorzonera hispanica crispatula,30TXN91,30TXN9916,NA,https://doi.org/10.15470/j3rugb
Coronilla minima minima,NA,NA,NA,https://doi.org/10.15470/j3rugb
Dianthus hyssopifolius hyssopifolius,NA,NA,NA,https://doi.org/10.15470/j3rugb
Antirrhinum braun-blanquetii,NA,NA,NA,https://doi.org/10.15470/j3rugb
Koeleria vallesiana vallesiana,29SND06,29SND0766,NA,https://doi.org/10.15470/j3rugb
Avenula sulcata occidentalis,29SND06,29SND0664,NA,https://doi.org/10.15470/j3rugb
Centaurium erythraea,29TPG56,29TPG5867,NA,https://doi.org/10.15470/j3rugb
Agrostis nebulosa,30TWN23,30TWN2731,NA,https://doi.org/10.15470/j3rugb
Carex sylvatica sylvatica,30TWN24,30TWN2741,NA,https://doi.org/10.15470/j3rugb
Pimpinella peregrina,30TWN24,30TWN2342,NA,https://doi.org/10.15470/j3rugb
Trisetum loeflingianum,30SWJ91,30SWJ9114,NA,https://doi.org/10.15470/j3rugb
Abutilon theophrasti,30TVL81,30TVL8610,NA,https://doi.org/10.15470/j3rugb
Lamarckia aurea,30T0444,30T044248,NA,https://doi.org/10.15470/j3rugb
Reseda stricta stricta,NA,NA,NA,https://doi.org/10.15470/j3rugb
Odontites vernus,30T0455,30T045252,NA,https://doi.org/10.15470/j3rugb
Centaurea alba alba,30T0465,30T046454,NA,https://doi.org/10.15470/j3rugb
Sideritis leucantha leucantha,30SYH13,30SYH1535,NA,https://doi.org/10.15470/j3rugb
Hoffmannseggia glauca,30SYH14,30SYH1849,NA,https://doi.org/10.15470/j3rugb
Cheilanthes acrostica,30TWN93,30TWN9839,NA,https://doi.org/10.15470/j3rugb
Hordeum hystrix,30TXN03,30TXN0234,NA,https://doi.org/10.15470/j3rugb
Poa trivialis feratiana,NA,NA,NA,https://doi.org/10.15470/j3rugb
Galium parisiense parisiense,NA,NA,NA,https://doi.org/10.15470/j3rugb
Nassella neesiana,30TVN99,30TVN9994,NA,https://doi.org/10.15470/j3rugb
Anthoxanthum amarum,NA,NA,NA,https://doi.org/10.15470/j3rugb
Epilobium hirsutum,NA,NA,NA,https://doi.org/10.15470/j3rugb
Paspalum distichum,NA,NA,NA,https://doi.org/10.15470/j3rugb
Bupleurum gerardi,NA,NA,NA,https://doi.org/10.15470/j3rugb
Filago gallica,NA,NA,NA,https://doi.org/10.15470/j3rugb
Acer monspessulanum,30TWN25,30TWN2453,NA,https://doi.org/10.15470/j3rugb
Ludwigia grandiflora,NA,NA,NA,https://doi.org/10.15470/j3rugb
Impatiens parviflora,NA,NA,NA,https://doi.org/10.15470/j3rugb
Prunus lusitanica,30TWN52,30TWN5724,NA,https://doi.org/10.15470/j3rugb
Quercus petraea,30TWN23,30TWN2836,NA,https://doi.org/10.15470/j3rugb
Quercus rubra,30TWN33,30TWN3036,NA,https://doi.org/10.15470/j3rugb
Primula elatior,30TWN23,30TWN2337,NA,https://doi.org/10.15470/j3rugb
Primula acaulis,30TWN33,30TWN3036,NA,https://doi.org/10.15470/j3rugb
Quercus subpyrenaica,31TBE56,31TBE5965,NA,https://doi.org/10.15470/j3rugb
Helianthemum croceum,30TWM86,30TWM8365,NA,https://doi.org/10.15470/j3rugb
Helianthemum cinereum,30TWL80,30TWL8202,NA,https://doi.org/10.15470/j3rugb
Cistus clusii,30SVG77,NA,NA,https://doi.org/10.15470/j3rugb
Quercus canariensis,NA,NA,NA,https://doi.org/10.15470/j3rugb
Genista hispanica,30TWN52,30TWN5821,NA,https://doi.org/10.15470/j3rugb
Genista eliassennenii,30TVN94,30TVN9943,NA,https://doi.org/10.15470/j3rugb
Genista hispanica,30TYN01,30TYN0011,NA,https://doi.org/10.15470/j3rugb
Betula pendula,30TWN24,30TWN2241,NA,https://doi.org/10.15470/j3rugb
Betula papyrifera,30TWN24,30TWN2241,NA,https://doi.org/10.15470/j3rugb
Thuja orientalis,30TWN24,30TWN2645,NA,https://doi.org/10.15470/j3rugb
Juglans regia,30TWN24,30TWN2341,NA,https://doi.org/10.15470/j3rugb
Robinia pseudoacacia,30TWN24,30TWN2241,NA,https://doi.org/10.15470/j3rugb
Picea smithiana,30TWN24,30TWN2341,NA,https://doi.org/10.15470/j3rugb
Genista hispanica,30TXN50,30TXN5604,NA,https://doi.org/10.15470/j3rugb
Acer negundo,30TWN24,30TWN2341,NA,https://doi.org/10.15470/j3rugb
Sorbus mougeotii,30TYN01,30TYN0210,NA,https://doi.org/10.15470/j3rugb
Salix salviifolia,NA,NA,NA,https://doi.org/10.15470/j3rugb
Pterocarya rehderiana,30TWN08,30TWN0688,NA,https://doi.org/10.15470/j3rugb
Eragrostis curvula,30TWN06,30TWN0668,NA,https://doi.org/10.15470/j3rugb
Eleusine tristachya,30TXP21,NA,NA,https://doi.org/10.15470/j3rugb
Eleusine indica,30TXP22,NA,NA,https://doi.org/10.15470/j3rugb
Helianthemum oelandicum,30TXN75,30TXN7758,NA,https://doi.org/10.15470/j3rugb
Rapistrum rugosum,30TXM13,NA,NA,https://doi.org/10.15470/j3rugb
Salix alba,30TXP41,NA,NA,https://doi.org/10.15470/j3rugb
Genista umbellata,30SVF69,NA,NA,https://doi.org/10.15470/j3rugb
Salix atrocinerea,30TXN78,NA,NA,https://doi.org/10.15470/j3rugb
Agropyron cristatum pectinatum,30TXM17,30TXM1076,NA,https://doi.org/10.15470/j3rugb
Raphanus raphanistrum maritimus,30TXP41,NA,NA,https://doi.org/10.15470/j3rugb
Helianthemum apenninum,30SWG42,NA,NA,https://doi.org/10.15470/j3rugb
Hieracium carroceranum,30TTN55,30TTN5551,NA,https://doi.org/10.15470/j3rugb
Hieracium paleoscense,31TBH61,31TBH6012,NA,https://doi.org/10.15470/j3rugb
Hieracium megalaniferum,31TBH61,31TBH6012,NA,https://doi.org/10.15470/j3rugb
Hieracium solsonense,31TCG76,31TCG7765,NA,https://doi.org/10.15470/j3rugb
Hieracium queraltense,31TCG96,31TCG9865,NA,https://doi.org/10.15470/j3rugb
Hieracium olivaceum,31TCG96,31TCG9865,NA,https://doi.org/10.15470/j3rugb
Hieracium beudense,31TDG77,31TDG7578,NA,https://doi.org/10.15470/j3rugb
Hieracium olivaceum,31TDG77,31TDG7677,NA,https://doi.org/10.15470/j3rugb
Hieracium fortunatense,31TBH71,31TBH7015,NA,https://doi.org/10.15470/j3rugb
Hieracium laricense,31TDG39,31TDG3093,NA,https://doi.org/10.15470/j3rugb
Hieracium levicaule,30TTN95,30TTN9153,NA,https://doi.org/10.15470/j3rugb
Hieracium lividum,31TCH43,31TCH4335,NA,https://doi.org/10.15470/j3rugb
Hieracium gymnerosulum,30TXN93,30TXN9935,NA,https://doi.org/10.15470/j3rugb
Hieracium levicaule,30TTN86,30TTN8764,NA,https://doi.org/10.15470/j3rugb
Hieracium lividum,31TCH43,31TCH4532,NA,https://doi.org/10.15470/j3rugb
Hieracium paleoscense,31TBG78,31TBG7087,NA,https://doi.org/10.15470/j3rugb
Hieracium paleoscense,31TBH71,31TBH7016,NA,https://doi.org/10.15470/j3rugb
Hieracium paleoscense,31TBH61,31TBH6111,NA,https://doi.org/10.15470/j3rugb
Hieracium aemilianense,29TQH45,29TQH4053,NA,https://doi.org/10.15470/j3rugb
Hieracium abelganum,29TQH45,29TQH4053,NA,https://doi.org/10.15470/j3rugb
Hieracium boixolense,31TCG46,31TCG4869,NA,https://doi.org/10.15470/j3rugb
Hieracium escalantiae,30TVN12,30TVN1127,NA,https://doi.org/10.15470/j3rugb
Hieracium escalantiae,30TVN12,30TVN1127,NA,https://doi.org/10.15470/j3rugb
Hieracium escalantiae,30TVN02,30TVN0229,NA,https://doi.org/10.15470/j3rugb
Hieracium escalantiae,30TVN02,30TVN0228,NA,https://doi.org/10.15470/j3rugb
Hieracium olivaceum,31TDG06,31TDG0262,NA,https://doi.org/10.15470/j3rugb
Quercus petraea,30TWM06,30TWM0668,NA,https://doi.org/10.15470/j3rugb
Quercus petraea,30TWM06,30TWM0669,NA,https://doi.org/10.15470/j3rugb
Quercus petraea,30TWM06,30TWM0668,NA,https://doi.org/10.15470/j3rugb
Quercus petraea,30TVM84,30TVM8942,NA,https://doi.org/10.15470/j3rugb
Quercus petraea,30TWM44,30TWM4345,NA,https://doi.org/10.15470/j3rugb
Quercus petraea,30TWM44,NA,NA,https://doi.org/10.15470/j3rugb
Quercus petraea,30TWM44,30TWM4147,NA,https://doi.org/10.15470/j3rugb
Quercus petraea,30TWM44,NA,NA,https://doi.org/10.15470/j3rugb
Cyperus longus badius,30TVL25,30TVL2952,NA,https://doi.org/10.15470/j3rugb
Legousia castellana,30TVL35,30TVL3052,NA,https://doi.org/10.15470/j3rugb
Alyssum _,30TVN31,30TVN3611,NA,https://doi.org/10.15470/j3rugb
Festuca ampla,30TVL04,30TVL0942,NA,https://doi.org/10.15470/j3rugb
Hieracium bowlesianum,31TCG18,31TCG1389,NA,https://doi.org/10.15470/j3rugb
Hieracium sahunianum,31TDG39,31TDG3092,NA,https://doi.org/10.15470/j3rugb
Hieracium langei thlaspiifolium,31TCH62,31TCH6720,NA,https://doi.org/10.15470/j3rugb
Hieracium cerinthoides,31TCH43,31TCH4335,NA,https://doi.org/10.15470/j3rugb
Hieracium palatosilense,31TCH43,31TCH4335,NA,https://doi.org/10.15470/j3rugb
Hieracium phlomoides,31TCG18,31TCG1389,NA,https://doi.org/10.15470/j3rugb
Hieracium olivaceum,31TBH71,31TBH7016,NA,https://doi.org/10.15470/j3rugb
Hieracium orteganum,31TCG46,31TCG4269,NA,https://doi.org/10.15470/j3rugb
Hieracium areuense,31TCH62,31TCH6720,NA,https://doi.org/10.15470/j3rugb
Hieracium leioscense,31TBH61,31TBH6012,NA,https://doi.org/10.15470/j3rugb
Hieracium mansanetianum pyrenaicum,31TCG96,31TCG9865,NA,https://doi.org/10.15470/j3rugb
Hieracium rocauroense,31TCG96,31TCG9865,NA,https://doi.org/10.15470/j3rugb
Hieracium vegacerveranum,30TTN95,30TTN9153,NA,https://doi.org/10.15470/j3rugb
Hieracium valirense canaldense,31TCG46,31TCG4869,NA,https://doi.org/10.15470/j3rugb
Hieracium valirense canaldense,31TCG47,31TCG4970,NA,https://doi.org/10.15470/j3rugb
Hieracium escalonense,31TBH61,31TBH6012,NA,https://doi.org/10.15470/j3rugb
Hieracium pseudofortunatense,31TBH71,31TBH7015,NA,https://doi.org/10.15470/j3rugb
Hieracium sericoscense,31TBH61,31TBH6111,NA,https://doi.org/10.15470/j3rugb
Hieracium dermophyllum,29TQH45,29TQH4451,NA,https://doi.org/10.15470/j3rugb
Hieracium osejense,30TUN37,30TUN3474,NA,https://doi.org/10.15470/j3rugb
Veronica anagallis-aquatica,30SVJ60,30SVJ6909,NA,https://doi.org/10.15470/j3rugb
Delphinium obcordatum,NA,NA,NA,https://doi.org/10.15470/j3rugb
Ammi majus,NA,NA,NA,https://doi.org/10.15470/j3rugb
Sisymbrium crassifolium laxiflorum,30SVG13,30SVG1831,NA,https://doi.org/10.15470/j3rugb
Vicia lutea,30SVG61,30SVG6410,NA,https://doi.org/10.15470/j3rugb
Arthrocnemum macrostachyum,31TDH95,31TDH9957,NA,https://doi.org/10.15470/j3rugb
Casuarina cunninghamiana,30SYH15,30SYH1751,NA,https://doi.org/10.15470/j3rugb
Eragrostis barrelieri,30SYH25,30SYH2351,NA,https://doi.org/10.15470/j3rugb
Inula crithmoides,30SYH14,30SYH1640,NA,https://doi.org/10.15470/j3rugb
Persicaria amphibia,30TVN26,30TVN2261,NA,https://doi.org/10.15470/j3rugb
Myriolimon ferulaceum,29SNB50,29SNB5906,NA,https://doi.org/10.15470/j3rugb
Suaeda vera,29SVJ33,29SVJ3832,NA,https://doi.org/10.15470/j3rugb
Cachrys sicula,29SVJ33,29SVJ3833,NA,https://doi.org/10.15470/j3rugb
Triticum aestivum,30SYH14,30SYH1646,NA,https://doi.org/10.15470/j3rugb
Setaria adherens,30SYH25,30SYH2451,NA,https://doi.org/10.15470/j3rugb
Guizotia abyssinica,30SYH25,30SYH2551,NA,https://doi.org/10.15470/j3rugb
Heliotropium curassavicum,30SXG01,30SXG0316,NA,https://doi.org/10.15470/j3rugb
Tamarix aphylla,30SYH24,30SYH2548,NA,https://doi.org/10.15470/j3rugb
Spergularia diandra,30SQB21,30SQB2312,NA,https://doi.org/10.15470/j3rugb
Sideritis sericea,30SXJ81,30SXJ8610,NA,https://doi.org/10.15470/j3rugb
Digitalis obscura,30SYJ01,30SYJ0118,NA,https://doi.org/10.15470/j3rugb
Carthamus lanatus,30SYH25,30SYH2452,NA,https://doi.org/10.15470/j3rugb
Anthyllis tejedensis,30SVF18,30SVF1186,NA,https://doi.org/10.15470/j3rugb
Datura innoxia,30SYH25,30SYH2050,NA,https://doi.org/10.15470/j3rugb
Ipomoea purpurea,30SYH24,30SYH2648,NA,https://doi.org/10.15470/j3rugb
Rhaponticum repens,30SYH25,30SYH2452,NA,https://doi.org/10.15470/j3rugb
Vulpia alopecurus,NA,NA,NA,https://doi.org/10.15470/j3rugb
Arenaria grandiflora,NA,NA,NA,https://doi.org/10.15470/j3rugb
Nigella hispanica,30TVN73,30TVN7734,NA,https://doi.org/10.15470/j3rugb
Berberis vulgaris seroi,NA,NA,NA,https://doi.org/10.15470/j3rugb
Linum suffruticosum appressum,30TWN25,30TWN2652,NA,https://doi.org/10.15470/j3rugb
Festuca picoeuropeana,30TVN48,30TVN4980,NA,https://doi.org/10.15470/j3rugb
Euphrasia alpina,31TBH72,31TBH7728,NA,https://doi.org/10.15470/j3rugb
Reseda valentina,30SXH95,30SXH9658,NA,https://doi.org/10.15470/j3rugb
Kickxia lanigera,NA,NA,NA,https://doi.org/10.15470/j3rugb
Cymbalaria muralis,NA,NA,NA,https://doi.org/10.15470/j3rugb
Althernanthera philoxeroides,30TWN93,30TWN9430,NA,https://doi.org/10.15470/j3rugb
Pilosella _,29TQH35,29TQH3854,NA,https://doi.org/10.15470/j3rugb
Hieracium valirense,31TCG77,31TCG7874,NA,https://doi.org/10.15470/j3rugb
Hieracium viscosum,30TUN95,30TUN9253,NA,https://doi.org/10.15470/j3rugb
Hieracium alatum pyrenaeojurassicum,30TUN37,30TUN3473,NA,https://doi.org/10.15470/j3rugb
Hieracium vestitum,30TTK77,30TTK7270,NA,https://doi.org/10.15470/j3rugb
Hieracium vestitum,30TTK66,30TTK6868,NA,https://doi.org/10.15470/j3rugb
Hieracium aragonense aragonense,30TWN52,30TWN5220,NA,https://doi.org/10.15470/j3rugb
Hieracium aragonense aragonense,30TWN11,30TWN1918,NA,https://doi.org/10.15470/j3rugb
Mimulus moschatus,30TTK67,30TTK6772,NA,https://doi.org/10.15470/j3rugb
Mimulus moschatus,30TTK67,30TTK6772,NA,https://doi.org/10.15470/j3rugb
Gentiana verna verna,NA,NA,NA,https://doi.org/10.15470/j3rugb
Valeriana apula,NA,NA,NA,https://doi.org/10.15470/j3rugb
Gentiana angustifolia corbariensis,NA,NA,NA,https://doi.org/10.15470/j3rugb
Polystichum lonchitis,NA,NA,NA,https://doi.org/10.15470/j3rugb
Reseda glauca,NA,NA,NA,https://doi.org/10.15470/j3rugb
Linaria alpina,NA,NA,NA,https://doi.org/10.15470/j3rugb
Petrocoptis pyrenaica,NA,NA,NA,https://doi.org/10.15470/j3rugb
Minuartia villarii,NA,NA,NA,https://doi.org/10.15470/j3rugb
Erigeron alpinus,NA,NA,NA,https://doi.org/10.15470/j3rugb
Helictotrichon sedenense,NA,NA,NA,https://doi.org/10.15470/j3rugb
Brassica repanda cantabrica,NA,NA,NA,https://doi.org/10.15470/j3rugb
Astragalus hypoglottis hypoglottis,NA,NA,NA,https://doi.org/10.15470/j3rugb
Astragalus hypoglottis hypoglottis,NA,NA,NA,https://doi.org/10.15470/j3rugb
Salix atrocinerea,NA,NA,NA,https://doi.org/10.15470/j3rugb
Genista pilosa,NA,NA,NA,https://doi.org/10.15470/j3rugb
Genista legionensis,NA,NA,NA,https://doi.org/10.15470/j3rugb
Argyrolobium zanonii zanonii,NA,NA,NA,https://doi.org/10.15470/j3rugb
Thymelaea ruizii,NA,NA,NA,https://doi.org/10.15470/j3rugb
Convolvulus lineatus,NA,NA,NA,https://doi.org/10.15470/j3rugb
Viola arvensis,NA,NA,NA,https://doi.org/10.15470/j3rugb
Jasione crispa brevisepala,NA,NA,NA,https://doi.org/10.15470/j3rugb
Helictotrichon sedenense sedenense,NA,NA,NA,https://doi.org/10.15470/j3rugb
Lamarckia aurea,NA,NA,NA,https://doi.org/10.15470/j3rugb
Anthyllis vulneraria,NA,NA,NA,https://doi.org/10.15470/j3rugb
Anchusa undulata undulata,NA,NA,NA,https://doi.org/10.15470/j3rugb
Biserrula pelecinus,30TVL35,30TVL3353,NA,https://doi.org/10.15470/j3rugb
Vicia sativa cordata,30TVL25,30TVL2850,NA,https://doi.org/10.15470/j3rugb
Vicia sativa nigra,30TVL12,30TVL1426,NA,https://doi.org/10.15470/j3rugb
Isoetes setaceum,30TVL24,30TVL2046,NA,https://doi.org/10.15470/j3rugb
Stachys officinalis officinalis,30TVL34,30TVL3449,NA,https://doi.org/10.15470/j3rugb
Astragalus incanus macrorhizus,30TVL05,30TVL0550,NA,https://doi.org/10.15470/j3rugb
Omphalodes linifolia,30TVL45,30TVL4456,NA,https://doi.org/10.15470/j3rugb
Myosotis discolor,30TVL13,30TVL1337,NA,https://doi.org/10.15470/j3rugb
Gladiolus illyricus,30TVL24,30TVL2046,NA,https://doi.org/10.15470/j3rugb
Bupleurum baldense baldense,30TVL25,30TVL2153,NA,https://doi.org/10.15470/j3rugb
Valerianella carinata,30TVL35,30TVL3252,NA,https://doi.org/10.15470/j3rugb
Carex divulsa leersii,30TVL35,30TVL3254,NA,https://doi.org/10.15470/j3rugb
Cyperus longus badius,30TVL25,30TVL2952,NA,https://doi.org/10.15470/j3rugb
Trifolium pratense,30TVL34,30TVL3448,NA,https://doi.org/10.15470/j3rugb
Carex cuprina,30TVL25,30TVL2952,NA,https://doi.org/10.15470/j3rugb
Legousia castellana,30TVL35,30TVL3052,NA,https://doi.org/10.15470/j3rugb
Jasione montana,30TVL02,30TVL0724,NA,https://doi.org/10.15470/j3rugb
Carex elata,NA,NA,NA,https://doi.org/10.15470/j3rugb
Teucrium dunense dunense,30SYJ39,30SYJ3997,NA,https://doi.org/10.15470/j3rugb
Rhinanthus serotinus,29TQJ31,29TQJ3117,NA,https://doi.org/10.15470/j3rugb
Plantago maritima,30TTP62,30TTP6029,NA,https://doi.org/10.15470/j3rugb
Arctium minus,NA,NA,NA,https://doi.org/10.15470/j3rugb
Torilis arvensis,NA,NA,NA,https://doi.org/10.15470/j3rugb
Astragalus alopecuroides,30TUM84,30TUM8443,NA,https://doi.org/10.15470/j3rugb
Polypodium cambricum cambricum,29TPF96,29TPF9260,NA,https://doi.org/10.15470/j3rugb
Simethis mattiazzi,30TWN53,30TWN5537,NA,https://doi.org/10.15470/j3rugb
Eryngium dilatatum,30S0554,30S055943,NA,https://doi.org/10.15470/j3rugb
Polycnemum arvense,30T0536,30T053463,NA,https://doi.org/10.15470/j3rugb
Pentaglottis sempervirens,30T0465,30T046055,NA,https://doi.org/10.15470/j3rugb
Macrosyringion longiflorum,30S0643,30S064534,NA,https://doi.org/10.15470/j3rugb
Chaenorhinum rubrifolium,NA,NA,NA,https://doi.org/10.15470/j3rugb
Arenaria conimbricensis,NA,NA,NA,https://doi.org/10.15470/j3rugb
Geranium pusillum,NA,NA,NA,https://doi.org/10.15470/j3rugb
Lagoecia cuminoides,30T0474,30T047748,NA,https://doi.org/10.15470/j3rugb
Salsola tragus,30TVK43,30TVK4930,NA,https://doi.org/10.15470/j3rugb
Glycyrrhiza glabra,NA,NA,NA,https://doi.org/10.15470/j3rugb
Minuartia hybrida,30SXJ21,30SXJ2419,NA,https://doi.org/10.15470/j3rugb
Thymus mastichina,NA,NA,NA,https://doi.org/10.15470/j3rugb
Rumex induratus,NA,NA,NA,https://doi.org/10.15470/j3rugb
Lemna minor,NA,NA,NA,https://doi.org/10.15470/j3rugb
Myriophyllum spicatum,NA,NA,NA,https://doi.org/10.15470/j3rugb
Hieracium calcimoncayense,30TXM01,30TXM0219,NA,https://doi.org/10.15470/j3rugb
Hieracium maculatum,30TYK07,30TYK0173,NA,https://doi.org/10.15470/j3rugb
Hieracium maculatum,30TYK07,30TYK0173,NA,https://doi.org/10.15470/j3rugb
Hieracium bicolor,31TCH30,31TCH3507,NA,https://doi.org/10.15470/j3rugb
Hieracium bicolor,30TCH30,30TCH3505,NA,https://doi.org/10.15470/j3rugb
Hieracium arguisianum,30TYM18,30TYM1286,NA,https://doi.org/10.15470/j3rugb
Hieracium hozense,30TXK96,30TXK9168,NA,https://doi.org/10.15470/j3rugb
Hieracium vellereum maladettae,31TCG47,31TCG4778,NA,https://doi.org/10.15470/j3rugb
Hieracium cerinthoides cerinthoides,31TBH92,31TBH9823,NA,https://doi.org/10.15470/j3rugb
Hieracium hirsutum,29TPH58,29TPH5881,NA,https://doi.org/10.15470/j3rugb
Hieracium nigrolegionense,30TTN74,30TTN7743,NA,https://doi.org/10.15470/j3rugb
Hieracium murlainzii,30TTN74,30TTN7743,NA,https://doi.org/10.15470/j3rugb
Hieracium aurigeranum,31TDG22,31TDG2829,NA,https://doi.org/10.15470/j3rugb
Hieracium nobile nobile,31TDG54,31TDG5243,NA,https://doi.org/10.15470/j3rugb
Hieracium adenocerinthoides,31TCG47,31TCG4578,NA,https://doi.org/10.15470/j3rugb
Hieracium cerinthoides cerinthoides,31TCH02,31TCH0628,NA,https://doi.org/10.15470/j3rugb
Hieracium laniferum hastile,31TCG96,31TCG9865,NA,https://doi.org/10.15470/j3rugb
Hieracium planchonianum,31TDG29,31TDG2399,NA,https://doi.org/10.15470/j3rugb
Hieracium glaucinum,31TDH50,31TDH5109,NA,https://doi.org/10.15470/j3rugb
Hieracium alatum,31TCH84,31TCH8247,NA,https://doi.org/10.15470/j3rugb
Hieracium langei,30TWN16,30TWN1765,NA,https://doi.org/10.15470/j3rugb
Hieracium murlainzii,30TUN34,30TUN3048,NA,https://doi.org/10.15470/j3rugb
Hieracium murlainzii,30TTN74,30TTN7244,NA,https://doi.org/10.15470/j3rugb
Hieracium murlainzii,30TTN74,30TTN7744,NA,https://doi.org/10.15470/j3rugb
Hieracium concadaltense,31TCG28,31TCG2781,NA,https://doi.org/10.15470/j3rugb
